GEOGROUP,POPULATION,Region,Country,UTM-X (huso 30),UTM-Y (huso 30),ALTITUDE,Region,Country,UTM-X (huso 30),UTM-Y (huso 30),ALTITUDE,ID_new,A6F03,,3pet,,NZPR1078,,ctg4363,,rptest1,,2669,,epi5,,gPp14,,epi3,
,Hourtin,Landas,FR,645342.44,5004981.38,26,Landas,FR,645342.44,5004981.38,26,HOU1,262,266,0,0,349,357,118,120,223,232,161,165,216,216,220,220,251,251
,Hourtin,Landas,FR,645342.44,5004981.38,,,,,,,HOU2,266,266,0,0,347,349,116,120,226,226,165,165,216,220,220,223,249,251
,Hourtin,Landas,FR,645342.44,5004981.38,,,,,,,HOU3,258,266,0,0,347,349,116,122,223,226,165,165,216,216,220,220,249,249
,Hourtin,Landas,FR,645342.44,5004981.38,,,,,,,HOU4,262,264,0,0,357,357,116,120,226,232,165,165,220,220,220,220,251,251
,Hourtin,Landas,FR,645342.44,5004981.38,,,,,,,HOU5,262,264,0,0,349,357,116,120,223,226,165,165,202,216,220,220,249,251
,Hourtin,Landas,FR,645342.44,5004981.38,,,,,,,HOU6,262,262,0,0,0,0,116,120,223,229,165,165,216,216,220,220,251,251
,Hourtin,Landas,FR,645342.44,5004981.38,,,,,,,HOU7,262,266,0,0,347,349,114,120,223,232,165,165,202,216,217,220,251,251
,Hourtin,Landas,FR,645342.44,5004981.38,,,,,,,HOU8,262,264,0,0,349,357,116,120,229,229,165,165,214,216,217,220,247,249
,Hourtin,Landas,FR,645342.44,5004981.38,,,,,,,HOU9,262,262,0,0,349,349,114,120,226,229,165,165,216,216,220,220,251,251
,Hourtin,Landas,FR,645342.44,5004981.38,,,,,,,HOU10,264,264,0,0,349,357,116,120,226,226,165,165,216,220,220,220,251,251
,Hourtin,Landas,FR,645342.44,5004981.38,,,,,,,HOU11,262,266,0,0,357,357,116,120,223,226,165,165,202,216,0,0,0,0
,Hourtin,Landas,FR,645342.44,5004981.38,,,,,,,HOU12,262,262,0,0,349,357,116,116,223,229,163,165,216,216,220,220,251,253
,Hourtin,Landas,FR,645342.44,5004981.38,,,,,,,HOU13,262,266,0,0,347,357,116,120,223,226,165,165,216,216,0,0,0,0
,Hourtin,Landas,FR,645342.44,5004981.38,,,,,,,HOU14,258,258,0,0,347,349,120,120,223,223,165,165,202,202,217,220,251,253
,Hourtin,Landas,FR,645342.44,5004981.38,,,,,,,HOU15,266,266,0,0,347,349,116,116,223,232,165,165,216,216,217,220,251,251
,Hourtin,Landas,FR,645342.44,5004981.38,,,,,,,HOU16,260,266,0,0,347,349,116,120,223,229,165,165,216,216,220,220,251,257
,Hourtin,Landas,FR,645342.44,5004981.38,,,,,,,HOU17,262,262,0,0,347,347,116,120,223,232,165,165,214,220,220,220,249,251
,Hourtin,Landas,FR,645342.44,5004981.38,,,,,,,HOU18,266,266,0,0,347,349,114,120,223,229,163,165,216,216,220,220,251,251
,Hourtin,Landas,FR,645342.44,5004981.38,,,,,,,HOU19,266,266,0,0,347,357,116,120,226,232,165,165,216,220,220,220,251,251
,Hourtin,Landas,FR,645342.44,5004981.38,,,,,,,HOU20,266,266,0,0,349,357,114,116,223,232,163,165,216,216,220,220,249,257
,Hourtin,Landas,FR,645342.44,5004981.38,,,,,,,HOU21,262,266,0,0,347,349,116,116,223,232,163,165,216,216,220,220,239,239
,Hourtin,Landas,FR,645342.44,5004981.38,,,,,,,HOU22,262,266,0,0,0,0,114,116,226,229,161,165,216,216,220,220,249,251
,Hourtin,Landas,FR,645342.44,5004981.38,,,,,,,HOU23,266,270,0,0,347,349,114,120,0,0,165,165,202,220,220,220,251,257
,Hourtin,Landas,FR,645342.44,5004981.38,,,,,,,HOU24,258,266,0,0,347,357,116,120,229,232,165,165,216,220,220,220,251,251
,Hourtin,Landas,FR,645342.44,5004981.38,,,,,,,HOU25,262,266,0,0,347,349,120,120,223,226,165,165,202,216,220,220,249,251
,Hourtin,Landas,FR,645342.44,5004981.38,,,,,,,HOU26,266,270,0,0,347,349,114,116,223,232,163,165,216,220,217,220,249,249
,Hourtin,Landas,FR,645342.44,5004981.38,,,,,,,HOU27,262,262,0,0,347,347,114,116,229,229,165,165,216,216,217,217,251,253
,Hourtin,Landas,FR,645342.44,5004981.38,,,,,,,HOU28,266,266,0,0,349,357,114,116,226,232,165,165,216,220,220,220,249,251
,Hourtin,Landas,FR,645342.44,5004981.38,,,,,,,HOU29,262,266,0,0,349,357,116,120,229,229,165,165,216,216,217,220,249,249
,Leverdon,Landas,FR,649048.003,5046135.443,,Landas,FR,649048.003,5046135.443,,VER1,258,262,0,0,347,347,116,120,223,229,165,165,202,216,0,0,0,0
,Leverdon,Landas,FR,649048.003,5046135.443,,,,,,,VER2,266,266,0,0,349,349,116,120,223,226,165,165,202,202,220,220,249,257
,Leverdon,Landas,FR,649048.003,5046135.443,,,,,,,VER3,270,270,0,0,347,349,116,120,223,232,165,165,216,216,220,220,251,251
,Leverdon,Landas,FR,649048.003,5046135.443,,,,,,,VER4,266,266,180,180,347,357,114,116,226,226,163,165,216,216,217,220,0,0
,Leverdon,Landas,FR,649048.003,5046135.443,,,,,,,VER5,266,266,0,0,347,357,114,116,226,226,163,165,216,216,217,220,249,249
,Leverdon,Landas,FR,649048.003,5046135.443,,,,,,,VER6,262,264,166,186,347,357,116,116,229,229,165,165,202,216,220,220,251,251
,Leverdon,Landas,FR,649048.003,5046135.443,,,,,,,VER7,262,262,166,184,349,357,114,116,223,232,165,165,216,216,220,220,0,0
,Leverdon,Landas,FR,649048.003,5046135.443,,,,,,,VER8,266,266,172,182,347,347,118,120,229,229,163,165,216,216,220,220,249,251
,Leverdon,Landas,FR,649048.003,5046135.443,,,,,,,VER9,266,266,166,186,0,0,116,120,0,0,165,165,220,220,220,220,249,249
,Leverdon,Landas,FR,649048.003,5046135.443,,,,,,,VER10,266,266,174,184,357,357,120,120,232,232,165,165,216,220,220,220,249,251
,Leverdon,Landas,FR,649048.003,5046135.443,,,,,,,VER11,258,262,172,184,347,349,116,116,223,226,165,175,202,216,220,220,249,251
,Leverdon,Landas,FR,649048.003,5046135.443,,,,,,,VER12,264,266,176,176,347,349,116,120,223,232,165,165,216,216,217,220,251,251
,Leverdon,Landas,FR,649048.003,5046135.443,,,,,,,VER13,266,266,172,186,349,357,120,120,226,232,165,165,216,216,220,220,249,249
,Leverdon,Landas,FR,649048.003,5046135.443,,,,,,,VER14,262,266,166,184,0,0,116,116,221,226,165,165,216,216,220,220,251,253
,Leverdon,Landas,FR,649048.003,5046135.443,,,,,,,VER15,262,270,176,184,349,357,116,122,232,232,163,165,216,216,220,220,249,251
,Leverdon,Landas,FR,649048.003,5046135.443,,,,,,,VER16,262,266,174,184,347,357,116,120,223,223,165,167,216,216,220,220,249,251
,Leverdon,Landas,FR,649048.003,5046135.443,,,,,,,VER17,262,266,166,170,347,349,114,120,229,229,165,165,216,216,220,220,247,249
,Leverdon,Landas,FR,649048.003,5046135.443,,,,,,,VER18,262,262,0,0,347,347,116,120,0,0,161,165,216,216,220,220,249,249
,Leverdon,Landas,FR,649048.003,5046135.443,,,,,,,VER19,264,266,172,186,347,357,114,120,223,229,165,175,202,216,220,220,251,251
,Leverdon,Landas,FR,649048.003,5046135.443,,,,,,,VER20,266,266,176,184,349,357,120,120,223,226,165,165,216,216,217,220,249,251
,Leverdon,Landas,FR,649048.003,5046135.443,,,,,,,VER21,262,266,172,172,347,357,116,116,223,229,165,165,216,216,220,229,251,251
,Leverdon,Landas,FR,649048.003,5046135.443,,,,,,,VER22,262,270,172,184,347,349,116,116,226,229,165,165,216,220,220,220,249,251
,Leverdon,Landas,FR,649048.003,5046135.443,,,,,,,VER23,266,270,166,182,347,357,116,116,229,229,165,165,216,216,220,220,251,251
,Leverdon,Landas,FR,649048.003,5046135.443,,,,,,,VER24,262,266,170,172,347,349,116,116,223,232,163,165,216,216,220,220,0,0
,Leverdon,Landas,FR,649048.003,5046135.443,,,,,,,VER25,262,262,188,188,347,347,120,120,232,232,165,165,216,216,220,220,249,251
,Leverdon,Landas,FR,649048.003,5046135.443,,,,,,,VER26,262,266,174,178,347,349,120,120,223,232,163,165,216,216,217,220,249,251
,Leverdon,Landas,FR,649048.003,5046135.443,,,,,,,VER27,266,266,172,172,357,357,114,116,226,226,163,165,216,216,220,220,251,251
,Leverdon,Landas,FR,649048.003,5046135.443,,,,,,,VER28,266,266,174,180,347,357,116,120,223,229,165,179,216,216,0,0,0,0
,Leverdon,Landas,FR,649048.003,5046135.443,,,,,,,VER29,266,270,172,172,347,357,120,120,223,229,165,165,202,216,217,220,249,251
,Leverdon,Landas,FR,649048.003,5046135.443,,,,,,,VER30,262,266,172,184,347,357,116,120,223,226,165,165,202,216,217,220,251,251
,Mimizan,Landas,FR,635742.073,4888264.143,37,Landas,FR,635742.073,4888264.143,37,MIM1,262,266,172,188,347,357,114,122,226,229,163,165,202,216,220,220,249,257
,Mimizan,Landas,FR,635742.073,4888264.143,,,,,,,MIM2,262,262,172,172,347,357,116,116,226,226,165,165,216,216,217,220,251,251
,Mimizan,Landas,FR,635742.073,4888264.143,,,,,,,MIM4,266,266,166,178,347,349,116,116,0,0,165,165,216,216,220,220,251,251
,Mimizan,Landas,FR,635742.073,4888264.143,,,,,,,MIM5,266,266,170,182,347,349,116,120,226,229,165,179,216,216,217,220,251,251
,Mimizan,Landas,FR,635742.073,4888264.143,,,,,,,MIM6,0,0,0,0,347,349,114,120,226,229,163,165,216,216,217,220,251,251
,Mimizan,Landas,FR,635742.073,4888264.143,,,,,,,MIM8,264,266,172,176,349,349,116,116,226,229,163,165,216,216,220,220,251,251
,Mimizan,Landas,FR,635742.073,4888264.143,,,,,,,MIM9,262,262,172,176,347,349,120,120,0,0,165,165,216,216,217,220,249,251
,Mimizan,Landas,FR,635742.073,4888264.143,,,,,,,MIM10,260,260,172,172,349,349,116,116,229,232,165,165,216,216,220,220,251,251
,Mimizan,Landas,FR,635742.073,4888264.143,,,,,,,MIM11,266,266,172,184,347,357,120,120,226,226,165,165,220,220,217,220,249,249
,Mimizan,Landas,FR,635742.073,4888264.143,,,,,,,MIM13,0,0,0,0,349,357,116,120,229,232,165,165,216,216,217,220,0,0
,Mimizan,Landas,FR,635742.073,4888264.143,,,,,,,MIM18,264,266,172,172,347,349,120,120,226,229,163,165,216,216,217,220,251,251
,Mimizan,Landas,FR,635742.073,4888264.143,,,,,,,MIM19,266,266,170,170,347,357,120,120,226,229,165,165,202,216,220,220,249,251
,Mimizan,Landas,FR,635742.073,4888264.143,,,,,,,MIM20,262,262,0,0,0,0,116,120,0,0,163,165,216,216,220,220,0,0
,Mimizan,Landas,FR,635742.073,4888264.143,,,,,,,MIM21,262,266,180,186,347,349,114,120,223,223,165,165,216,216,220,220,251,251
,Mimizan,Landas,FR,635742.073,4888264.143,,,,,,,MIM25,266,266,184,190,347,347,114,116,223,223,165,165,216,220,217,220,249,251
,Mimizan,Landas,FR,635742.073,4888264.143,,,,,,,MIM26,258,266,184,184,349,357,114,116,226,232,165,165,202,202,217,220,249,251
,Mimizan,Landas,FR,635742.073,4888264.143,,,,,,,MIM28,0,0,172,172,357,357,120,120,229,229,165,175,216,216,217,217,251,251
,Mimizan,Landas,FR,635742.073,4888264.143,,,,,,,MIM29,0,0,0,0,357,357,114,120,226,232,163,165,202,216,220,220,249,251
,Mimizan,Landas,FR,635742.073,4888264.143,,,,,,,MIM30,0,0,172,172,357,357,114,120,226,232,163,165,202,216,220,220,249,251
,Olonne sur Mer,,FR,589624.789,5157690.461,,,FR,589624.789,5157690.461,,OLO1,262,262,166,166,357,357,114,116,223,232,165,175,202,216,220,220,249,251
,Olonne sur Mer,,FR,589624.789,5157690.461,,,,,,,OLO2,266,266,180,186,347,357,114,114,223,223,165,165,216,216,217,220,249,251
,Olonne sur Mer,,FR,589624.789,5157690.461,,,,,,,OLO3,262,266,182,188,349,357,114,116,226,226,165,165,216,216,220,220,249,251
,Olonne sur Mer,,FR,589624.789,5157690.461,,,,,,,OLO4,266,266,174,184,349,357,114,116,226,232,165,165,216,216,217,220,249,251
,Olonne sur Mer,,FR,589624.789,5157690.461,,,,,,,OLO5,262,262,166,172,349,357,116,120,226,229,165,165,216,216,220,220,251,251
,Olonne sur Mer,,FR,589624.789,5157690.461,,,,,,,OLO6,266,266,166,172,349,349,114,116,229,229,165,165,216,220,220,220,251,251
,Olonne sur Mer,,FR,589624.789,5157690.461,,,,,,,OLO7,262,266,178,186,357,357,116,120,229,232,165,165,202,216,217,220,249,251
,Olonne sur Mer,,FR,589624.789,5157690.461,,,,,,,OLO8,262,266,172,174,347,349,116,116,226,232,165,165,216,220,217,220,0,0
,Olonne sur Mer,,FR,589624.789,5157690.461,,,,,,,OLO9,266,270,174,184,347,357,114,120,229,232,165,165,216,220,217,220,251,251
,Olonne sur Mer,,FR,589624.789,5157690.461,,,,,,,OLO10,266,266,182,184,357,357,116,120,223,223,165,179,202,216,220,220,251,251
,Olonne sur Mer,,FR,589624.789,5157690.461,,,,,,,OLO11,266,266,176,176,347,357,114,120,223,226,165,165,0,0,220,220,251,251
,Olonne sur Mer,,FR,589624.789,5157690.461,,,,,,,OLO12,262,266,166,184,347,357,114,120,223,232,165,165,216,216,217,220,251,251
,Olonne sur Mer,,FR,589624.789,5157690.461,,,,,,,OLO14,266,266,166,186,347,357,114,114,223,229,161,165,216,216,220,220,251,251
,Olonne sur Mer,,FR,589624.789,5157690.461,,,,,,,OLO15,258,266,166,174,347,349,116,120,232,232,165,165,216,216,217,220,247,251
,Olonne sur Mer,,FR,589624.789,5157690.461,,,,,,,OLO16,262,266,172,184,349,357,116,120,223,229,161,165,216,220,220,229,249,251
,Olonne sur Mer,,FR,589624.789,5157690.461,,,,,,,OLO17,262,266,166,180,357,357,114,116,223,226,165,165,216,216,217,220,251,251
,Olonne sur Mer,,FR,589624.789,5157690.461,,,,,,,OLO18,266,266,176,186,347,357,120,120,223,226,161,165,216,220,220,220,251,251
,Olonne sur Mer,,FR,589624.789,5157690.461,,,,,,,OLO19,262,262,166,186,347,357,116,120,223,232,165,165,216,216,220,220,249,249
,Olonne sur Mer,,FR,589624.789,5157690.461,,,,,,,OLO20,262,266,166,174,357,357,114,120,229,232,163,165,216,216,220,220,0,0
,Olonne sur Mer,,FR,589624.789,5157690.461,,,,,,,OLO21,258,270,172,184,347,349,120,120,226,226,165,165,216,216,220,220,239,249
,Olonne sur Mer,,FR,589624.789,5157690.461,,,,,,,OLO22,262,270,166,174,347,357,120,120,223,223,165,179,216,216,220,220,251,251
,Olonne sur Mer,,FR,589624.789,5157690.461,,,,,,,OLO23,262,266,172,174,347,349,114,116,226,229,161,165,202,216,217,220,249,249
,Olonne sur Mer,,FR,589624.789,5157690.461,,,,,,,OLO24,262,262,172,182,347,357,114,120,223,226,165,165,214,216,217,220,249,249
,Olonne sur Mer,,FR,589624.789,5157690.461,,,,,,,OLO25,262,266,168,178,347,357,116,120,229,232,165,165,202,220,220,220,249,251
,Olonne sur Mer,,FR,589624.789,5157690.461,,,,,,,OLO26,262,262,170,176,357,357,116,116,223,232,165,165,216,216,220,220,251,251
,Olonne sur Mer,,FR,589624.789,5157690.461,,,,,,,OLO28,262,266,166,184,347,357,114,120,229,232,165,165,216,216,220,220,251,251
,Olonne sur Mer,,FR,589624.789,5157690.461,,,,,,,OLO29,262,266,166,172,357,357,116,120,223,226,165,177,216,216,220,220,249,253
,Petrocq,Landas,FR,636192.032,4880473.271,,Landas,FR,636192.032,4880473.271,,PET1,262,266,0,0,349,357,120,120,223,223,163,165,216,220,0,0,0,0
,Petrocq,Landas,FR,636192.032,4880473.271,,,,,,,PET2,266,266,0,0,347,349,120,120,223,229,165,165,202,202,220,220,249,251
,Petrocq,Landas,FR,636192.032,4880473.271,,,,,,,PET3,266,270,0,0,347,357,114,114,223,226,165,165,216,216,220,220,249,251
,Petrocq,Landas,FR,636192.032,4880473.271,,,,,,,PET4,262,266,0,0,347,349,116,120,226,232,165,165,216,222,220,220,251,251
,Petrocq,Landas,FR,636192.032,4880473.271,,,,,,,PET5,266,266,0,0,349,349,116,116,229,229,165,165,216,216,220,220,249,251
,Petrocq,Landas,FR,636192.032,4880473.271,,,,,,,PET6,262,262,0,0,347,347,116,120,229,232,165,167,216,220,220,220,249,251
,Petrocq,Landas,FR,636192.032,4880473.271,,,,,,,PET7,262,266,0,0,357,357,116,116,226,229,165,165,216,216,220,220,251,251
,Petrocq,Landas,FR,636192.032,4880473.271,,,,,,,PET8,262,266,0,0,347,357,114,120,226,229,165,167,202,220,220,220,251,257
,Petrocq,Landas,FR,636192.032,4880473.271,,,,,,,PET9,262,266,0,0,349,357,114,116,226,229,165,165,202,220,217,220,251,251
,Petrocq,Landas,FR,636192.032,4880473.271,,,,,,,PET10,266,266,0,0,347,347,116,120,0,0,165,167,216,220,220,220,251,251
,Petrocq,Landas,FR,636192.032,4880473.271,,,,,,,PET11,260,266,0,0,347,357,116,116,229,232,165,165,220,220,220,220,251,253
,Petrocq,Landas,FR,636192.032,4880473.271,,,,,,,PET12,262,270,0,0,349,357,116,120,226,232,165,165,202,216,220,220,251,253
,Petrocq,Landas,FR,636192.032,4880473.271,,,,,,,PET13,270,270,0,0,349,357,116,120,226,232,165,165,202,216,217,220,0,0
,Petrocq,Landas,FR,636192.032,4880473.271,,,,,,,PET14,266,270,0,0,347,349,116,120,229,229,165,165,216,216,220,220,251,251
,Petrocq,Landas,FR,636192.032,4880473.271,,,,,,,PET15,0,0,0,0,0,0,120,120,229,232,165,165,216,216,220,220,247,251
,Petrocq,Landas,FR,636192.032,4880473.271,,,,,,,PET16,266,272,0,0,347,357,114,120,223,223,165,165,216,216,0,0,0,0
,Petrocq,Landas,FR,636192.032,4880473.271,,,,,,,PET17,262,266,0,0,357,357,116,120,223,226,163,165,0,0,217,220,249,251
,Petrocq,Landas,FR,636192.032,4880473.271,,,,,,,PET18,266,266,0,0,347,357,116,120,223,229,0,0,216,216,0,0,0,0
,Petrocq,Landas,FR,636192.032,4880473.271,,,,,,,PET20,266,266,0,0,347,349,116,120,223,229,165,165,216,216,220,220,251,251
,Petrocq,Landas,FR,636192.032,4880473.271,,,,,,,PET21,262,262,0,0,347,349,116,120,223,229,165,165,216,216,220,220,249,251
,Petrocq,Landas,FR,636192.032,4880473.271,,,,,,,PET22,262,266,0,0,357,357,116,116,229,229,165,165,216,216,217,220,249,251
,Petrocq,Landas,FR,636192.032,4880473.271,,,,,,,PET23,266,266,0,0,349,349,120,120,226,229,165,165,216,220,220,220,249,251
,Petrocq,Landas,FR,636192.032,4880473.271,,,,,,,PET24,0,0,0,0,347,349,116,120,229,232,165,177,216,216,217,220,251,251
,Petrocq,Landas,FR,636192.032,4880473.271,,,,,,,PET26,262,262,0,0,347,357,120,120,226,226,165,165,214,216,217,220,249,251
,Petrocq,Landas,FR,636192.032,4880473.271,,,,,,,PET27,266,266,0,0,0,0,120,120,223,223,165,165,216,216,220,220,249,251
,Petrocq,Landas,FR,636192.032,4880473.271,,,,,,,PET28,262,266,0,0,349,357,116,120,226,229,165,165,220,220,220,220,249,249
,Petrocq,Landas,FR,636192.032,4880473.271,,,,,,,PET29,266,270,0,0,349,357,116,116,229,232,165,165,202,216,220,220,249,249
,Petrocq,Landas,FR,636192.032,4880473.271,,,,,,,PET30,262,266,0,0,347,357,116,116,229,232,165,165,202,202,220,220,251,251
,Pleucadec,,FR,549168.475,5292283.645,80,,FR,549168.475,5292283.645,80,PLE1,262,266,166,174,349,357,116,120,226,232,163,175,202,216,0,0,0,0
,Pleucadec,,FR,549168.475,5292283.645,,,,,,,PLE5,270,270,172,172,349,357,116,120,226,229,165,165,202,216,217,220,253,253
,Pleucadec,,FR,549168.475,5292283.645,,,,,,,PLE6,262,262,170,186,347,357,116,120,223,232,165,165,202,216,220,220,251,251
,Pleucadec,,FR,549168.475,5292283.645,,,,,,,PLE7,262,270,166,166,349,357,116,120,223,232,165,179,216,220,217,220,249,253
,Pleucadec,,FR,549168.475,5292283.645,,,,,,,PLE8,262,262,166,172,349,357,116,116,229,232,165,167,0,0,220,220,249,251
,Pleucadec,,FR,549168.475,5292283.645,,,,,,,PLE9,262,266,172,184,357,357,120,120,226,226,163,165,0,0,220,220,251,253
,Pleucadec,,FR,549168.475,5292283.645,,,,,,,PLE10,266,266,166,184,357,357,116,116,226,229,0,0,0,0,220,220,0,0
,Pleucadec,,FR,549168.475,5292283.645,,,,,,,PLE11,262,266,166,166,347,349,120,120,223,232,161,165,216,216,220,220,251,251
,Pleucadec,,FR,549168.475,5292283.645,,,,,,,PLE12,262,270,166,184,0,0,120,120,0,0,0,0,214,214,220,220,0,0
,Pleucadec,,FR,549168.475,5292283.645,,,,,,,PLE15,262,262,176,176,349,357,116,120,226,229,163,165,216,216,217,220,251,251
,Pleucadec,,FR,549168.475,5292283.645,,,,,,,PLE16,262,266,176,176,347,347,116,120,232,232,163,165,202,216,220,220,251,257
,Pleucadec,,FR,549168.475,5292283.645,,,,,,,PLE19,0,0,0,0,349,357,116,120,226,232,163,165,214,216,220,220,251,251
,Pleucadec,,FR,549168.475,5292283.645,,,,,,,PLE21,266,266,166,174,349,357,116,122,226,229,165,165,216,216,220,220,249,251
,Pleucadec,,FR,549168.475,5292283.645,,,,,,,PLE22,262,262,166,172,347,347,116,116,229,229,163,165,202,216,217,220,251,251
,Pleucadec,,FR,549168.475,5292283.645,,,,,,,PLE23,266,266,166,176,347,357,114,120,226,232,163,165,216,216,220,229,0,0
,Pleucadec,,FR,549168.475,5292283.645,,,,,,,PLE24,262,270,166,188,357,357,120,120,226,232,165,165,220,220,220,220,249,249
,Pleucadec,,FR,549168.475,5292283.645,,,,,,,PLE26,0,0,0,0,349,357,114,120,223,223,163,165,0,0,220,220,249,249
,Pleucadec,,FR,549168.475,5292283.645,,,,,,,PLE27,258,266,172,172,349,357,116,120,226,229,165,165,202,202,220,220,251,251
,Pleucadec,,FR,549168.475,5292283.645,,,,,,,PLE28,266,266,172,186,347,349,116,120,229,232,165,165,216,216,220,220,251,251
,Pleucadec,,FR,549168.475,5292283.645,,,,,,,PLE29,262,266,166,166,347,349,114,120,226,232,165,175,202,216,220,220,249,249
,Pleucadec,,FR,549168.475,5292283.645,,,,,,,PLE30,266,266,168,170,349,349,116,116,232,232,165,165,216,216,220,220,251,251
,St-Jean des Monts,,FR,574176.208,5179486.827,,,FR,574176.208,5179486.827,,STJ1,262,266,186,186,349,349,116,116,223,232,163,179,216,216,220,220,249,251
,St-Jean des Monts,,FR,574176.208,5179486.827,,,,,,,STJ2,266,270,170,174,347,349,116,120,226,226,163,179,216,216,220,220,251,251
,St-Jean des Monts,,FR,574176.208,5179486.827,,,,,,,STJ3,262,264,170,186,349,349,116,118,223,226,165,165,216,216,217,220,247,251
,St-Jean des Monts,,FR,574176.208,5179486.827,,,,,,,STJ4,266,266,166,166,349,357,116,116,223,229,165,165,216,216,220,220,249,251
,St-Jean des Monts,,FR,574176.208,5179486.827,,,,,,,STJ5,266,266,166,176,349,357,120,120,226,232,165,165,214,214,220,220,249,251
,St-Jean des Monts,,FR,574176.208,5179486.827,,,,,,,STJ6,262,262,166,166,347,349,116,120,226,232,165,175,202,216,217,220,249,251
,St-Jean des Monts,,FR,574176.208,5179486.827,,,,,,,STJ8,262,266,170,184,349,349,116,120,229,232,165,175,202,202,220,220,249,251
,St-Jean des Monts,,FR,574176.208,5179486.827,,,,,,,STJ9,262,266,172,172,349,357,114,120,226,226,161,165,216,216,220,220,251,251
,St-Jean des Monts,,FR,574176.208,5179486.827,,,,,,,STJ11,266,266,176,184,347,349,116,116,223,229,165,179,216,220,220,220,251,251
,St-Jean des Monts,,FR,574176.208,5179486.827,,,,,,,STJ12,262,262,178,178,349,357,116,116,226,232,165,179,202,202,220,220,251,251
,St-Jean des Monts,,FR,574176.208,5179486.827,,,,,,,STJ13,266,266,184,184,347,357,116,116,223,223,165,165,202,202,217,217,251,251
,St-Jean des Monts,,FR,574176.208,5179486.827,,,,,,,STJ14,262,266,166,172,0,0,116,116,229,232,165,165,202,202,217,220,249,251
,St-Jean des Monts,,FR,574176.208,5179486.827,,,,,,,STJ15,266,266,172,182,347,349,114,116,226,229,165,165,216,216,220,220,251,257
,St-Jean des Monts,,FR,574176.208,5179486.827,,,,,,,STJ16,262,270,166,172,349,349,120,120,223,229,163,175,216,216,217,220,249,251
,St-Jean des Monts,,FR,574176.208,5179486.827,,,,,,,STJ17,266,266,174,182,347,357,116,120,226,232,165,175,216,216,220,220,251,251
,St-Jean des Monts,,FR,574176.208,5179486.827,,,,,,,STJ18,266,266,166,182,349,349,116,120,226,229,165,165,216,216,220,220,251,251
,St-Jean des Monts,,FR,574176.208,5179486.827,,,,,,,STJ19,266,266,178,184,347,357,116,120,226,229,165,165,202,202,220,220,249,251
,St-Jean des Monts,,FR,574176.208,5179486.827,,,,,,,STJ20,266,270,166,166,349,357,114,120,223,232,165,165,202,202,220,220,251,251
,St-Jean des Monts,,FR,574176.208,5179486.827,,,,,,,STJ21,264,266,166,184,347,357,120,120,223,229,165,165,216,216,220,220,251,251
,St-Jean des Monts,,FR,574176.208,5179486.827,,,,,,,STJ22,0,0,0,0,0,0,120,120,0,0,165,165,216,216,220,220,249,249
,St-Jean des Monts,,FR,574176.208,5179486.827,,,,,,,STJ23,262,262,166,174,347,357,116,116,226,226,163,165,202,202,217,217,0,0
,St-Jean des Monts,,FR,574176.208,5179486.827,,,,,,,STJ24,262,266,0,0,349,357,120,120,223,223,175,175,202,202,217,220,251,251
,St-Jean des Monts,,FR,574176.208,5179486.827,,,,,,,STJ25,262,266,166,180,349,357,116,116,226,232,165,173,216,216,220,220,251,253
,St-Jean des Monts,,FR,574176.208,5179486.827,,,,,,,STJ26,262,262,172,172,347,357,114,120,226,229,165,165,202,216,220,220,251,253
,St-Jean des Monts,,FR,574176.208,5179486.827,,,,,,,STJ27,262,262,172,174,347,349,116,120,223,226,163,163,202,202,220,220,251,251
,St-Jean des Monts,,FR,574176.208,5179486.827,,,,,,,STJ28,262,262,166,174,347,357,116,120,226,226,163,163,216,220,217,220,249,253
,St-Jean des Monts,,FR,574176.208,5179486.827,,,,,,,STJ29,258,262,170,182,347,357,116,120,229,232,165,179,216,220,220,220,249,251
,St-Jean des Monts,,FR,574176.208,5179486.827,,,,,,,STJ30,266,266,166,172,347,347,116,120,226,229,165,165,216,216,220,220,251,251
,Alto de la Llama,Tineo / Asturias,ESP,216476.557,4798307.256,503,Tineo / Asturias,ESP,216476.557,4798307.256,503,ALT1,262,262,182,186,349,349,116,116,226,229,165,165,216,216,211,220,249,249
,Alto de la Llama,Tineo / Asturias,ESP,216476.557,4798307.256,,,,,,,ALT2,258,266,172,174,357,357,114,114,226,229,165,165,0,0,211,220,251,251
,Alto de la Llama,Tineo / Asturias,ESP,216476.557,4798307.256,,,,,,,ALT3,258,262,178,182,357,357,114,114,226,226,165,165,216,216,211,220,253,259
,Alto de la Llama,Tineo / Asturias,ESP,216476.557,4798307.256,,,,,,,ALT4,262,264,186,186,349,349,114,114,226,226,165,165,216,216,220,220,259,259
,Alto de la Llama,Tineo / Asturias,ESP,216476.557,4798307.256,,,,,,,ALT5,258,258,0,0,349,357,114,120,226,226,165,165,216,216,217,217,251,253
,Alto de la Llama,Tineo / Asturias,ESP,216476.557,4798307.256,,,,,,,ALT6,258,262,186,186,347,349,114,116,226,226,165,165,0,0,220,229,251,251
,Alto de la Llama,Tineo / Asturias,ESP,216476.557,4798307.256,,,,,,,ALT8,262,266,174,186,357,357,114,120,226,229,165,165,0,0,220,220,0,0
,Alto de la Llama,Tineo / Asturias,ESP,216476.557,4798307.256,,,,,,,ALT9,0,0,174,186,349,357,114,118,229,229,165,165,0,0,217,220,0,0
,Alto de la Llama,Tineo / Asturias,ESP,216476.557,4798307.256,,,,,,,ALT10,258,262,174,180,349,357,114,116,226,229,165,165,216,216,211,220,249,251
,Armayán,Tineo / Asturias,ESP,219496.06,4800560.128,498,Tineo / Asturias,ESP,219496.06,4800560.128,498,ARM1,258,258,0,0,349,349,116,120,226,226,163,177,0,0,211,220,249,253
,Armayán,Tineo / Asturias,ESP,219496.06,4800560.128,,,,,,,ARM3,258,258,0,0,349,349,116,120,226,226,165,165,216,216,211,220,249,253
,Armayán,Tineo / Asturias,ESP,219496.06,4800560.128,,,,,,,ARM4,258,266,0,0,347,349,114,116,226,229,163,165,216,216,0,0,249,249
,Armayán,Tineo / Asturias,ESP,219496.06,4800560.128,,,,,,,ARM5,262,266,0,0,347,349,114,116,226,229,165,165,216,216,220,229,249,251
,Armayán,Tineo / Asturias,ESP,219496.06,4800560.128,,,,,,,ARM6,258,262,0,0,349,357,114,116,229,229,165,165,216,216,220,220,249,251
,Armayán,Tineo / Asturias,ESP,219496.06,4800560.128,,,,,,,ARM7,258,264,0,0,357,357,114,114,226,229,165,165,216,216,220,220,249,253
,Armayán,Tineo / Asturias,ESP,219496.06,4800560.128,,,,,,,ARM8,262,262,0,0,349,357,114,114,226,229,165,165,216,216,220,220,249,249
,Armayán,Tineo / Asturias,ESP,219496.06,4800560.128,,,,,,,ARM9,258,262,0,0,349,357,114,114,229,229,165,165,216,216,211,220,249,253
,Armayán,Tineo / Asturias,ESP,219496.06,4800560.128,,,,,,,ARM10,258,262,0,0,0,0,114,114,229,229,165,165,216,216,211,220,249,253
,Cadavedo,Valdés / Asturias,ESP,223847.483,4826544.803,210,Valdés / Asturias,ESP,223847.483,4826544.803,210,CAD1,258,266,174,182,347,347,116,116,226,229,165,165,216,216,220,220,249,253
,Cadavedo,Valdés / Asturias,ESP,223847.483,4826544.803,,,,,,,CAD2,262,266,174,182,349,357,114,114,226,229,165,165,216,216,211,220,249,249
,Cadavedo,Valdés / Asturias,ESP,223847.483,4826544.803,,,,,,,CAD3,258,266,0,0,349,357,114,116,226,226,165,165,216,216,211,220,253,253
,Cadavedo,Valdés / Asturias,ESP,223847.483,4826544.803,,,,,,,CAD4,262,262,182,182,349,349,116,116,0,0,165,165,216,216,220,220,251,253
,Cadavedo,Valdés / Asturias,ESP,223847.483,4826544.803,,,,,,,CAD5,258,266,174,176,0,0,114,116,0,0,165,165,0,0,217,220,253,253
,Cadavedo,Valdés / Asturias,ESP,223847.483,4826544.803,,,,,,,CAD6,266,266,172,174,357,357,114,116,229,229,165,165,216,216,220,220,249,249
,Cadavedo,Valdés / Asturias,ESP,223847.483,4826544.803,,,,,,,CAD7,266,270,186,186,347,349,114,116,229,232,165,165,216,220,211,220,0,0
,Cadavedo,Valdés / Asturias,ESP,223847.483,4826544.803,,,,,,,CAD8,258,262,182,186,347,349,116,116,226,229,165,165,216,216,211,211,0,0
,Cadavedo,Valdés / Asturias,ESP,223847.483,4826544.803,,,,,,,CAD9,262,262,176,186,349,357,114,116,226,226,165,165,216,220,220,220,249,251
,Cadavedo,Valdés / Asturias,ESP,223847.483,4826544.803,,,,,,,CAD10,262,262,174,186,349,357,114,114,226,226,165,165,216,220,211,220,251,253
,Sierra de Barcia,Valdés / Asturias,ESP,217701.44,4825471.502,240,Valdés / Asturias,ESP,217701.44,4825471.502,240,SIE1,258,268,172,182,347,349,114,114,226,232,163,165,216,216,220,220,249,249
,Sierra de Barcia,Valdés / Asturias,ESP,217701.44,4825471.502,,,,,,,SIE2,262,262,0,0,349,357,114,114,226,232,163,165,216,216,220,220,249,249
,Sierra de Barcia,Valdés / Asturias,ESP,217701.44,4825471.502,,,,,,,SIE3,262,266,186,186,349,349,114,114,232,232,165,165,216,216,220,229,249,253
,Sierra de Barcia,Valdés / Asturias,ESP,217701.44,4825471.502,,,,,,,SIE4,258,266,172,182,349,357,114,116,226,229,165,165,216,220,211,220,249,249
,Sierra de Barcia,Valdés / Asturias,ESP,217701.44,4825471.502,,,,,,,SIE5,258,270,174,174,347,357,114,120,226,226,163,165,216,216,220,220,249,251
,Sierra de Barcia,Valdés / Asturias,ESP,217701.44,4825471.502,,,,,,,SIE6,262,262,178,182,349,357,114,120,226,226,165,165,216,216,220,220,249,259
,Sierra de Barcia,Valdés / Asturias,ESP,217701.44,4825471.502,,,,,,,SIE7,0,0,0,0,349,357,114,116,226,229,165,165,0,0,211,220,249,251
,Sierra de Barcia,Valdés / Asturias,ESP,217701.44,4825471.502,,,,,,,SIE8,262,266,182,186,349,357,114,114,226,229,165,165,216,216,229,229,0,0
,Sierra de Barcia,Valdés / Asturias,ESP,217701.44,4825471.502,,,,,,,SIE9,262,270,182,186,349,349,116,116,226,229,165,175,216,216,217,220,251,253
,Sierra de Barcia,Valdés / Asturias,ESP,217701.44,4825471.502,,,,,,,SIE10,258,262,0,0,0,0,114,116,226,229,165,177,0,0,217,220,0,0
,Castropol,Asturias,ESP,178012.268,4824225.244,391,Asturias,ESP,178012.268,4824225.244,391,CAST1,258,262,0,0,349,349,114,116,226,226,165,165,216,220,0,0,253,259
,Castropol,Asturias,ESP,178012.268,4824225.244,,,,,,,CAST2,262,262,0,0,349,349,114,114,226,226,165,165,216,216,220,220,249,253
,Castropol,Asturias,ESP,178012.268,4824225.244,,,,,,,CAST3,262,266,0,0,349,349,114,114,226,226,165,165,220,220,211,211,251,251
,Castropol,Asturias,ESP,178012.268,4824225.244,,,,,,,CAST4,262,270,0,0,349,349,114,114,226,229,165,165,216,216,211,211,251,251
,Castropol,Asturias,ESP,178012.268,4824225.244,,,,,,,CAST5,262,262,0,0,349,357,114,114,226,229,165,165,220,220,220,220,249,253
,Castropol,Asturias,ESP,178012.268,4824225.244,,,,,,,CAST6,262,262,0,0,349,349,114,114,229,229,165,165,216,216,220,220,251,253
,Castropol,Asturias,ESP,178012.268,4824225.244,,,,,,,CAST7,262,266,0,0,349,357,116,118,226,229,165,165,0,0,220,220,249,251
,Castropol,Asturias,ESP,178012.268,4824225.244,,,,,,,CAST8,262,262,0,0,349,357,114,114,226,229,162,164,216,216,217,220,253,253
,Castropol,Asturias,ESP,178012.268,4824225.244,,,,,,,CAST9,262,266,0,0,347,357,114,116,226,229,163,165,216,220,211,220,249,253
,Castropol,Asturias,ESP,178012.268,4824225.244,,,,,,,CAST10,262,262,0,0,349,357,116,120,226,226,165,165,216,216,211,220,253,259
,Lamuño,Asturias,ESP,240006.352,4827998.961,70-180,Asturias,ESP,240006.352,4827998.961,70-180,LAM1,258,258,0,0,349,349,114,120,226,232,165,165,216,220,211,220,253,253
,Lamuño,Asturias,ESP,240006.352,4827998.961,,,,,,,LAM2,262,262,0,0,347,349,114,114,226,229,165,165,216,220,220,220,249,259
,Lamuño,Asturias,ESP,240006.352,4827998.961,,,,,,,LAM3,258,262,0,0,349,357,114,116,226,232,165,165,216,216,220,220,249,251
,Lamuño,Asturias,ESP,240006.352,4827998.961,,,,,,,LAM4,258,262,0,0,349,357,114,116,229,229,165,165,216,216,220,220,249,251
,Lamuño,Asturias,ESP,240006.352,4827998.961,,,,,,,LAM5,262,262,0,0,349,349,116,116,229,229,165,165,216,216,217,220,251,253
,Lamuño,Asturias,ESP,240006.352,4827998.961,,,,,,,LAM6,0,0,0,0,0,0,114,116,229,229,163,165,216,216,0,0,0,0
,Lamuño,Asturias,ESP,240006.352,4827998.961,,,,,,,LAM7,258,262,0,0,349,357,114,114,226,226,165,165,216,220,220,220,249,253
,Lamuño,Asturias,ESP,240006.352,4827998.961,,,,,,,LAM8,262,262,0,0,349,349,114,116,226,226,165,165,216,216,217,220,251,253
,Lamuño,Asturias,ESP,240006.352,4827998.961,,,,,,,LAM9,262,262,0,0,347,349,114,116,226,226,165,165,216,216,220,220,251,253
,Puerto de Vega,Navia / Asturias,ESP,206632.675,4828163.709,121,Navia / Asturias,ESP,206632.675,4828163.709,121,PUE1,262,262,0,0,349,357,114,116,226,229,0,0,202,216,217,220,249,253
,Puerto de Vega,Navia / Asturias,ESP,206632.675,4828163.709,,,,,,,PUE2,262,262,174,174,349,357,114,116,0,0,165,165,216,220,211,211,239,239
,Puerto de Vega,Navia / Asturias,ESP,206632.675,4828163.709,,,,,,,PUE3,258,262,0,0,349,349,114,116,226,226,165,165,216,216,220,220,249,251
,Puerto de Vega,Navia / Asturias,ESP,206632.675,4828163.709,,,,,,,PUE4,258,262,172,178,347,349,114,116,226,226,165,165,216,216,211,220,251,253
,Puerto de Vega,Navia / Asturias,ESP,206632.675,4828163.709,,,,,,,PUE5,262,262,182,186,349,349,114,116,226,226,165,165,202,216,211,220,251,253
,Puerto de Vega,Navia / Asturias,ESP,206632.675,4828163.709,,,,,,,PUE6,262,266,180,186,357,357,116,120,226,226,165,177,216,216,0,0,0,0
,Puerto de Vega,Navia / Asturias,ESP,206632.675,4828163.709,,,,,,,PUE8,258,266,0,0,349,357,114,114,0,0,165,165,216,216,220,220,253,259
,Puerto de Vega,Navia / Asturias,ESP,206632.675,4828163.709,,,,,,,PUE10,258,262,182,186,349,349,114,116,226,229,165,165,216,216,220,220,249,251
,Rodoiros,Asturias,ESP,213836.503,4814985.338,270,Asturias,ESP,213836.503,4814985.338,270,ROD2,262,270,170,180,349,349,114,116,226,226,165,167,216,216,220,220,251,253
,Rodoiros,Asturias,ESP,213836.503,4814985.338,,,,,,,ROD3,262,262,0,0,347,349,114,120,226,232,165,177,216,220,220,220,249,251
,Rodoiros,Asturias,ESP,213836.503,4814985.338,,,,,,,ROD4,262,262,176,190,349,349,120,120,229,232,161,165,216,216,220,223,251,259
,Rodoiros,Asturias,ESP,213836.503,4814985.338,,,,,,,ROD5,262,266,176,186,347,349,116,116,226,232,165,165,216,216,220,220,249,249
,Rodoiros,Asturias,ESP,213836.503,4814985.338,,,,,,,ROD7,262,266,176,186,347,349,116,116,226,232,165,165,216,216,220,220,249,249
,Rodoiros,Asturias,ESP,213836.503,4814985.338,,,,,,,ROD8,264,270,174,188,349,357,114,116,226,232,165,165,216,216,220,220,249,251
,Rodoiros,Asturias,ESP,213836.503,4814985.338,,,,,,,ROD9,266,266,174,174,349,357,116,116,223,226,177,177,216,220,220,220,251,251
,Rodoiros,Asturias,ESP,213836.503,4814985.338,,,,,,,ROD10,266,266,0,0,349,357,116,116,226,232,165,165,216,216,220,220,239,251
,San Cipriano de Ribaterme,Pontevedra,ESP,56468,4676944,300,Pontevedra,ESP,56468,4676944,300,SAC1,262,266,172,182,349,357,114,116,226,226,165,177,216,216,220,220,249,251
,San Cipriano de Ribaterme,Pontevedra,ESP,56468,4676944,,,,,,,SAC3,262,262,166,174,349,349,114,116,223,226,165,165,216,220,220,220,251,251
,San Cipriano de Ribaterme,Pontevedra,ESP,56468,4676944,,,,,,,SAC4,258,262,174,182,349,357,116,120,229,232,165,165,216,216,211,220,0,0
,San Cipriano de Ribaterme,Pontevedra,ESP,56468,4676944,,,,,,,SAC5,258,262,174,180,349,349,116,120,226,226,161,161,216,216,220,220,249,253
,San Cipriano de Ribaterme,Pontevedra,ESP,56468,4676944,,,,,,,SAC11,262,266,186,186,349,349,116,116,226,229,161,165,0,0,217,220,249,251
,San Cipriano de Ribaterme,Pontevedra,ESP,56468,4676944,,,,,,,SAC12,262,266,172,174,349,357,116,116,226,226,165,165,216,216,220,229,249,251
,San Cipriano de Ribaterme,Pontevedra,ESP,56468,4676944,,,,,,,SAC14,262,266,176,186,349,349,114,116,226,229,165,165,216,216,211,220,251,251
,San Cipriano de Ribaterme,Pontevedra,ESP,56468,4676944,,,,,,,SAC16,266,266,178,186,349,357,116,116,229,229,165,165,216,220,217,220,251,251
,San Cipriano de Ribaterme,Pontevedra,ESP,56468,4676944,,,,,,,SAC18,262,266,182,186,349,357,116,116,226,229,163,165,216,216,220,229,249,249
,San Cipriano de Ribaterme,Pontevedra,ESP,56468,4676944,,,,,,,SAC19,264,264,0,0,349,357,116,116,226,226,165,165,202,216,220,229,249,251
,San Cipriano de Ribaterme,Pontevedra,ESP,56468,4676944,,,,,,,SAC26,262,266,174,178,340,357,114,116,226,229,165,165,220,220,217,229,0,0
,San Cipriano de Ribaterme,Pontevedra,ESP,56468,4676944,,,,,,,SAC29,262,262,182,186,349,349,114,114,226,229,165,165,216,216,220,229,249,259
,Leiria,,PT,-10324.458,4420795.674,20,,PT,-10324.458,4420795.674,20,LEI1,0,0,0,0,349,349,116,122,226,229,0,0,0,0,220,220,249,253
,Leiria,,PT,-10324.458,4420795.674,,,,,,,LEI2,258,266,0,0,349,357,116,118,226,229,163,165,220,220,220,229,249,249
,Leiria,,PT,-10324.458,4420795.674,,,,,,,LEI3,258,258,0,0,347,357,116,120,226,229,163,177,216,216,211,229,239,251
,Leiria,,PT,-10324.458,4420795.674,,,,,,,LEI4,262,264,174,182,349,349,116,116,229,232,177,177,216,220,211,220,251,253
,Leiria,,PT,-10324.458,4420795.674,,,,,,,LEI5,264,264,174,178,349,349,114,114,226,226,163,165,216,220,220,220,239,251
,Leiria,,PT,-10324.458,4420795.674,,,,,,,LEI6,262,264,178,186,349,349,114,114,226,229,165,177,216,216,220,229,249,251
,Leiria,,PT,-10324.458,4420795.674,,,,,,,LEI7,262,262,174,186,349,349,116,116,226,232,163,163,216,216,220,220,249,251
,Leiria,,PT,-10324.458,4420795.674,,,,,,,LEI8,262,264,0,0,347,349,114,116,226,226,163,163,202,202,220,220,249,251
,Leiria,,PT,-10324.458,4420795.674,,,,,,,LEI9,264,266,0,0,347,349,114,116,229,229,163,165,216,216,217,220,249,253
,Leiria,,PT,-10324.458,4420795.674,,,,,,,LEI11,262,0,0,0,349,349,114,120,226,226,165,165,216,216,220,220,251,251
,Leiria,,PT,-10324.458,4420795.674,,,,,,,LEI14,262,262,0,0,0,0,116,116,229,229,163,165,0,0,220,220,251,253
,Leiria,,PT,-10324.458,4420795.674,,,,,,,LEI15,264,264,0,0,349,349,114,114,226,229,165,165,216,216,220,220,249,253
,Leiria,,PT,-10324.458,4420795.674,,,,,,,LEI16,262,264,0,0,347,349,116,116,226,226,165,165,216,216,220,220,251,251
,Leiria,,PT,-10324.458,4420795.674,,,,,,,LEI19,0,0,0,0,349,357,114,114,226,226,163,165,216,216,229,229,251,251
,Leiria,,PT,-10324.458,4420795.674,,,,,,,LEI21,258,262,0,0,349,351,116,120,226,226,163,177,216,216,211,220,239,251
,Leiria,,PT,-10324.458,4420795.674,,,,,,,LEI22,258,266,0,0,349,357,116,116,226,229,165,177,202,202,211,220,249,251
,Leiria,,PT,-10324.458,4420795.674,,,,,,,LEI24,258,262,0,0,349,349,116,116,0,0,163,177,216,216,0,0,251,251
,Leiria,,PT,-10324.458,4420795.674,,,,,,,LEI25,258,262,0,0,349,349,114,116,226,232,165,177,216,216,220,229,251,251
,Leiria,,PT,-10324.458,4420795.674,,,,,,,LEI26,258,262,0,0,349,349,114,116,226,229,165,177,216,216,220,220,249,251
,Leiria,,PT,-10324.458,4420795.674,,,,,,,LEI27,262,266,0,0,349,357,114,116,226,229,163,177,202,202,220,220,249,251
,Leiria,,PT,-10324.458,4420795.674,,,,,,,LEI28,262,262,0,0,347,349,114,120,226,232,165,165,216,216,220,220,249,251
,Leiria,,PT,-10324.458,4420795.674,,,,,,,LEI29,262,264,0,0,347,349,114,120,223,232,163,165,202,216,220,229,251,253
,Leiria,,PT,-10324.458,4420795.674,,,,,,,LEI30,262,262,0,0,349,357,114,116,0,0,165,165,216,216,217,220,251,251
,Leiria,,PT,-10324.458,4420795.674,,,,,,,LEI39,264,264,0,0,347,349,116,116,226,226,165,165,216,216,217,229,239,251
,Pineta,Córcega,FR,1497804.161,4662893.796,750,Córcega,FR,1497804.161,4662893.796,750,PIN1,258,262,0,0,357,357,114,114,223,229,165,165,210,210,220,220,241,249
,Pineta,Córcega,FR,1497804.161,4662893.796,,,,,,,PIN2,258,262,0,0,357,357,114,122,223,229,165,165,210,216,220,220,241,249
,Pineta,Córcega,FR,1497804.161,4662893.796,,,,,,,PIN3,262,262,0,0,357,357,116,116,226,226,161,161,216,216,220,220,249,251
,Pineta,Córcega,FR,1497804.161,4662893.796,,,,,,,PIN4,258,262,0,0,357,357,114,114,223,226,165,165,216,216,217,220,247,249
,Pineta,Córcega,FR,1497804.161,4662893.796,,,,,,,PIN5,0,0,180,186,357,357,114,120,226,229,161,165,216,216,220,220,247,249
,Pineta,Córcega,FR,1497804.161,4662893.796,,,,,,,PIN6,262,262,186,186,357,357,114,120,0,0,163,165,216,216,220,220,249,249
,Pineta,Córcega,FR,1497804.161,4662893.796,,,,,,,PIN7,262,262,178,180,349,357,114,120,226,226,161,163,216,216,217,220,249,249
,Pineta,Córcega,FR,1497804.161,4662893.796,,,,,,,PIN8,258,262,180,186,349,357,120,120,226,226,161,163,210,216,220,220,241,249
,Pineta,Córcega,FR,1497804.161,4662893.796,,,,,,,PIN9,262,262,178,182,349,357,116,120,226,226,161,161,216,216,217,220,249,249
,Pineta,Córcega,FR,1497804.161,4662893.796,,,,,,,PIN10,262,262,180,180,347,357,116,116,226,226,163,165,216,216,220,220,249,249
,Pineta,Córcega,FR,1497804.161,4662893.796,,,,,,,PIN11,258,262,178,180,357,357,114,114,226,226,161,165,202,210,217,220,247,249
,Pineta,Córcega,FR,1497804.161,4662893.796,,,,,,,PIN12,262,262,180,186,357,357,114,114,229,232,161,165,210,216,220,220,241,247
,Pineta,Córcega,FR,1497804.161,4662893.796,,,,,,,PIN13,262,262,180,186,357,357,114,114,226,229,163,165,210,216,220,220,247,247
,Pineta,Córcega,FR,1497804.161,4662893.796,,,,,,,PIE6,262,262,0,0,357,357,114,116,226,226,161,161,210,210,220,220,0,0
,Pineta,Córcega,FR,1497804.161,4662893.796,,,,,,,PIE13,258,258,0,0,349,349,114,114,223,223,161,161,210,216,220,220,249,249
,Pineta,Córcega,FR,1497804.161,4662893.796,,,,,,,PIE21,258,262,0,0,347,357,114,116,223,226,161,161,216,216,220,220,0,0
,Pineta,Córcega,FR,1497804.161,4662893.796,,,,,,,PIE26,258,262,0,0,357,357,116,116,226,229,161,167,202,216,217,220,249,249
,Pineta,Córcega,FR,1497804.161,4662893.796,,,,,,,PIE27,0,0,0,0,0,0,0,0,0,0,0,0,0,0,0,0,0,0
,Pineta,Córcega,FR,1497804.161,4662893.796,,,,,,,PIE28,262,262,0,0,347,357,114,114,226,229,165,165,210,210,220,220,247,247
,Pineta,Córcega,FR,1497804.161,4662893.796,,,,,,,PIE35,262,262,0,0,349,349,116,116,226,229,161,165,210,210,220,220,249,249
,Pineta,Córcega,FR,1497804.161,4662893.796,,,,,,,PIE40,262,262,0,0,357,357,114,116,223,226,165,165,210,216,220,220,249,249
,Pineta,Córcega,FR,1497804.161,4662893.796,,,,,,,PIE43,262,262,0,0,349,349,114,116,223,226,161,165,210,210,220,220,247,249
,Pineta,Córcega,FR,1497804.161,4662893.796,,,,,,,PIE45,258,262,0,0,357,357,114,114,226,229,161,161,202,216,220,220,247,247
,Pinia,Córcega,FR,1532824.977,4728038.858,10,Córcega,FR,1532824.977,4728038.858,10,PIA1,258,262,182,182,349,357,114,114,223,226,165,167,210,216,217,220,0,0
,Pinia,Córcega,FR,1532824.977,4728038.858,,,,,,,PIA4,258,262,180,186,349,349,120,120,226,226,161,161,216,216,220,220,249,249
,Pinia,Córcega,FR,1532824.977,4728038.858,,,,,,,PIA5,262,262,182,182,357,357,116,116,226,226,161,165,210,210,217,220,241,241
,Pinia,Córcega,FR,1532824.977,4728038.858,,,,,,,PIA6,262,262,180,180,349,357,114,116,229,229,165,165,210,210,220,220,249,249
,Pinia,Córcega,FR,1532824.977,4728038.858,,,,,,,PIA8,262,262,186,186,349,357,120,124,226,229,161,161,210,210,220,220,249,249
,Pinia,Córcega,FR,1532824.977,4728038.858,,,,,,,PIA13,262,262,178,180,357,357,114,120,223,226,161,161,216,216,220,220,249,249
,Pinia,Córcega,FR,1532824.977,4728038.858,,,,,,,PIA15,262,262,178,180,349,357,114,120,223,226,165,167,216,216,220,220,0,0
,Pinia,Córcega,FR,1532824.977,4728038.858,,,,,,,PIA18,266,266,0,0,0,0,116,116,226,226,161,163,210,210,220,220,0,0
,Pinia,Córcega,FR,1532824.977,4728038.858,,,,,,,PIA21,262,262,180,180,357,357,120,120,223,229,161,165,216,216,220,220,247,247
,Pinia,Córcega,FR,1532824.977,4728038.858,,,,,,,PIA24,262,262,180,186,357,357,116,120,226,226,165,165,210,210,220,220,247,247
,Pinia,Córcega,FR,1532824.977,4728038.858,,,,,,,PIA25,258,262,178,188,357,357,116,120,226,229,161,165,210,216,220,220,241,249
,Pinia,Córcega,FR,1532824.977,4728038.858,,,,,,,PIA26,258,262,180,186,349,357,114,120,226,226,161,161,210,216,0,0,249,249
,Pinia,Córcega,FR,1532824.977,4728038.858,,,,,,,PIA28,258,262,180,180,349,357,114,116,226,229,161,161,210,210,217,220,247,249
,Pinia,Córcega,FR,1532824.977,4728038.858,,,,,,,PIA32,258,262,180,182,357,357,116,120,226,229,163,165,210,210,220,220,0,0
,Tabuyo del Monte,León,ESP,234275,4688604,1064,León,ESP,234275,4688604,1064,TBY1,262,262,174,190,347,347,114,114,226,229,165,165,216,216,220,220,251,253
,Tabuyo del Monte,León,ESP,234275,4688604,,,,,,,TBY2,258,264,0,0,349,357,116,116,226,229,163,165,0,0,220,220,251,253
,Tabuyo del Monte,León,ESP,234275,4688604,,,,,,,TBY3,260,262,0,0,347,349,116,120,226,226,165,165,216,216,220,220,239,239
,Tabuyo del Monte,León,ESP,234275,4688604,,,,,,,TBY4,262,262,174,174,347,349,116,122,226,229,165,165,216,216,220,220,251,251
,Tabuyo del Monte,León,ESP,234275,4688604,,,,,,,TBY5,258,260,174,176,347,349,116,120,226,229,163,165,216,216,220,220,251,251
,Tabuyo del Monte,León,ESP,234275,4688604,,,,,,,TBY6,258,262,170,174,347,349,114,116,226,229,165,165,216,216,220,220,249,251
,Tabuyo del Monte,León,ESP,234275,4688604,,,,,,,TBY7,0,0,174,188,349,357,114,116,226,229,161,165,216,216,217,229,249,253
,Tabuyo del Monte,León,ESP,234275,4688604,,,,,,,TBY8,262,262,174,174,349,357,114,114,226,229,163,177,216,216,211,217,247,251
,Tabuyo del Monte,León,ESP,234275,4688604,,,,,,,TBY9,258,262,170,190,347,347,114,114,226,229,165,165,216,220,220,220,249,249
,Tabuyo del Monte,León,ESP,234275,4688604,,,,,,,TBY10,258,262,176,186,347,347,114,120,223,226,165,165,216,216,220,220,249,251
,Tabuyo del Monte,León,ESP,234275,4688604,,,,,,,TBY11,258,258,174,176,347,347,114,120,226,229,165,165,216,216,220,220,249,251
,Tabuyo del Monte,León,ESP,234275,4688604,,,,,,,TBY12,264,270,174,178,347,347,114,116,223,226,165,165,216,216,211,211,0,0
,Tabuyo del Monte,León,ESP,234275,4688604,,,,,,,TBY13,262,270,170,170,347,349,116,120,226,226,165,165,0,0,220,220,251,251
,Tabuyo del Monte,León,ESP,234275,4688604,,,,,,,TBY14,258,258,0,0,357,357,114,114,226,232,165,165,216,216,220,220,251,253
,Tabuyo del Monte,León,ESP,234275,4688604,,,,,,,TBY15,262,264,176,190,349,357,114,116,226,226,161,165,216,216,220,220,249,251
,Tabuyo del Monte,León,ESP,234275,4688604,,,,,,,TBY16,262,266,0,0,349,357,116,116,226,226,165,165,216,216,220,220,239,239
,Tabuyo del Monte,León,ESP,234275,4688604,,,,,,,TBY17,262,266,178,186,349,357,116,120,226,229,165,165,216,220,220,220,251,251
,Tabuyo del Monte,León,ESP,234275,4688604,,,,,,,TBY18,258,258,170,174,357,357,116,116,226,226,161,165,216,216,220,229,249,251
,Tabuyo del Monte,León,ESP,234275,4688604,,,,,,,TBY19,260,264,0,0,347,357,114,116,229,229,163,165,216,216,220,229,247,253
,Tabuyo del Monte,León,ESP,234275,4688604,,,,,,,TBY20,262,262,174,188,347,349,114,114,226,226,165,165,216,216,0,0,251,251
,Arenas de San Pedro,Ávila,ESP,319860,4451605,733,Ávila,ESP,319860,4451605,733,ARN1,262,264,174,174,347,357,112,114,226,232,165,165,202,202,220,220,249,259
,Arenas de San Pedro,Ávila,ESP,319860,4451605,,,,,,,ARN2,264,266,180,188,349,357,116,120,226,232,0,0,216,216,220,220,251,253
,Arenas de San Pedro,Ávila,ESP,319860,4451605,,,,,,,ARN3,262,262,180,180,349,357,114,114,223,226,161,165,216,216,220,220,239,251
,Arenas de San Pedro,Ávila,ESP,319860,4451605,,,,,,,ARN4,264,266,0,0,347,349,114,116,226,232,163,165,216,216,220,220,251,251
,Arenas de San Pedro,Ávila,ESP,319860,4451605,,,,,,,ARN5,258,262,172,184,349,349,116,120,226,226,165,165,216,216,217,220,239,251
,Arenas de San Pedro,Ávila,ESP,319860,4451605,,,,,,,ARN6,0,0,0,0,347,357,114,116,226,226,165,165,216,216,220,220,249,255
,Arenas de San Pedro,Ávila,ESP,319860,4451605,,,,,,,ARN7,264,268,166,182,347,349,114,116,226,232,163,163,216,216,220,220,251,251
,Arenas de San Pedro,Ávila,ESP,319860,4451605,,,,,,,ARN8,262,262,0,0,349,349,116,120,226,232,161,165,216,216,220,220,249,251
,Arenas de San Pedro,Ávila,ESP,319860,4451605,,,,,,,ARN10,266,266,184,192,349,357,114,120,223,229,165,165,216,216,220,220,239,253
,Arenas de San Pedro,Ávila,ESP,319860,4451605,,,,,,,ARN11,262,264,174,186,349,349,116,120,223,226,165,165,216,216,220,220,239,249
,Arenas de San Pedro,Ávila,ESP,319860,4451605,,,,,,,ARN12,262,262,174,178,349,349,116,120,223,229,165,177,214,216,220,220,249,251
,Arenas de San Pedro,Ávila,ESP,319860,4451605,,,,,,,ARN13,262,262,174,178,349,349,116,120,223,229,165,177,214,216,220,220,249,251
,Arenas de San Pedro,Ávila,ESP,319860,4451605,,,,,,,ARN15,262,262,182,186,347,347,114,116,223,232,165,165,216,220,220,220,249,251
,Arenas de San Pedro,Ávila,ESP,319860,4451605,,,,,,,ARN16,262,266,174,174,349,357,114,114,226,226,165,165,214,216,220,229,249,249
,Arenas de San Pedro,Ávila,ESP,319860,4451605,,,,,,,ARN17,262,262,176,190,349,357,114,122,226,226,165,165,216,216,220,220,243,253
,Arenas de San Pedro,Ávila,ESP,319860,4451605,,,,,,,ARN18,262,262,178,178,347,357,114,116,229,232,165,185,216,216,217,220,251,251
,Arenas de San Pedro,Ávila,ESP,319860,4451605,,,,,,,ARN19,262,262,180,190,349,349,114,114,223,226,163,165,216,216,220,220,249,257
,Arenas de San Pedro,Ávila,ESP,319860,4451605,,,,,,,ARN20,266,266,182,188,347,349,114,122,226,232,165,165,216,216,220,220,249,251
,Arenas de San Pedro,Ávila,ESP,319860,4451605,,,,,,,ARN21,262,262,176,182,347,349,114,114,223,226,165,165,202,202,220,220,253,253
,Arenas de San Pedro,Ávila,ESP,319860,4451605,,,,,,,ARN22,262,266,174,190,357,357,114,120,226,226,165,185,216,216,211,220,251,253
,Arenas de San Pedro,Ávila,ESP,319860,4451605,,,,,,,ARN23,262,264,174,188,349,349,114,116,223,226,165,165,202,216,217,220,249,249
,Arenas de San Pedro,Ávila,ESP,319860,4451605,,,,,,,ARN24,258,262,174,184,347,349,114,116,226,226,161,165,216,216,220,220,247,249
,Arenas de San Pedro,Ávila,ESP,319860,4451605,,,,,,,ARN25,0,0,166,176,349,349,114,120,223,223,165,185,214,216,220,220,249,251
,Arenas de San Pedro,Ávila,ESP,319860,4451605,,,,,,,ARN26,262,262,166,180,347,357,112,118,223,226,165,165,216,216,220,220,251,253
,Arenas de San Pedro,Ávila,ESP,319860,4451605,,,,,,,ARN27,258,262,180,190,347,357,114,116,223,226,161,165,216,216,220,220,251,251
,Arenas de San Pedro,Ávila,ESP,319860,4451605,,,,,,,ARN28,262,266,178,190,349,357,114,114,223,226,165,167,216,216,220,220,249,251
,Arenas de San Pedro,Ávila,ESP,319860,4451605,,,,,,,ARN30,266,270,170,182,349,357,114,116,226,229,165,165,216,216,220,220,249,249
,Valdemaqueda,Madrid,ESP,388923,4485962,890,Madrid,ESP,388923,4485962,890,VAL1,264,266,176,182,349,357,114,116,226,232,163,165,216,216,220,220,249,249
,Valdemaqueda,Madrid,ESP,388923,4485962,,,,,,,VAL2,262,262,166,182,347,357,116,120,226,226,0,0,0,0,220,220,247,249
,Valdemaqueda,Madrid,ESP,388923,4485962,,,,,,,VAL3,258,262,178,190,349,357,116,116,223,226,165,165,216,216,220,220,249,251
,Valdemaqueda,Madrid,ESP,388923,4485962,,,,,,,VAL4,258,258,174,190,347,357,116,116,223,232,161,165,216,220,220,220,249,251
,Valdemaqueda,Madrid,ESP,388923,4485962,,,,,,,VAL5,262,262,182,182,347,357,114,122,223,232,0,0,0,0,220,220,251,255
,Valdemaqueda,Madrid,ESP,388923,4485962,,,,,,,VAL6,262,266,174,186,349,349,116,120,226,226,0,0,216,216,220,220,247,249
,Valdemaqueda,Madrid,ESP,388923,4485962,,,,,,,VAL8,258,258,174,182,349,357,120,120,226,232,163,167,216,216,217,220,249,251
,Valdemaqueda,Madrid,ESP,388923,4485962,,,,,,,VAL9,258,262,166,172,347,357,116,120,226,232,165,165,216,216,0,0,249,251
,Valdemaqueda,Madrid,ESP,388923,4485962,,,,,,,VAL10,258,264,186,190,349,349,114,116,223,226,165,165,216,220,220,220,239,249
,Valdemaqueda,Madrid,ESP,388923,4485962,,,,,,,VAL11,266,270,174,176,349,357,114,120,226,229,161,163,216,220,220,220,249,251
,Valdemaqueda,Madrid,ESP,388923,4485962,,,,,,,VAL12,258,262,166,174,349,349,114,116,223,226,161,163,216,220,220,220,0,0
,Valdemaqueda,Madrid,ESP,388923,4485962,,,,,,,VAL14,262,264,166,186,347,347,114,120,226,232,163,165,216,216,220,220,239,239
,Valdemaqueda,Madrid,ESP,388923,4485962,,,,,,,VAL15,260,262,0,0,349,357,116,120,229,232,163,175,216,216,220,220,249,251
,Valdemaqueda,Madrid,ESP,388923,4485962,,,,,,,VAL16,260,262,174,174,349,357,116,120,229,232,163,175,216,216,220,220,0,0
,Valdemaqueda,Madrid,ESP,388923,4485962,,,,,,,VAL17,262,266,178,186,349,349,114,116,223,232,161,165,216,216,220,220,251,251
,Valdemaqueda,Madrid,ESP,388923,4485962,,,,,,,VAL18,262,262,178,188,347,349,114,116,226,229,165,165,216,216,220,220,249,253
,Cenicientos,Madrid,ESP,373215,4459797,806,Madrid,ESP,373215,4459797,806,CEN2,262,262,0,0,349,349,116,120,226,232,165,165,216,216,202,220,249,253
,Cenicientos,Madrid,ESP,373215,4459797,,,,,,,CEN3,262,270,0,0,349,357,114,114,226,232,165,179,216,216,220,220,249,249
,Cenicientos,Madrid,ESP,373215,4459797,,,,,,,CEN4,264,264,0,0,349,349,114,116,226,226,165,165,216,216,220,220,249,249
,Cenicientos,Madrid,ESP,373215,4459797,,,,,,,CEN5,262,266,0,0,357,357,114,116,226,232,165,165,202,202,220,220,239,249
,Cenicientos,Madrid,ESP,373215,4459797,,,,,,,CEN6,258,266,0,0,349,349,112,116,232,232,161,165,216,216,220,220,239,249
,Cenicientos,Madrid,ESP,373215,4459797,,,,,,,CEN7,258,266,0,0,347,349,114,118,223,229,162,175,216,216,220,220,249,251
,Cenicientos,Madrid,ESP,373215,4459797,,,,,,,CEN14,258,262,0,0,349,357,114,116,223,232,163,165,216,220,220,220,251,251
,Cenicientos,Madrid,ESP,373215,4459797,,,,,,,CEN15,258,262,0,0,349,349,114,116,223,226,165,165,216,216,220,220,249,253
,Cenicientos,Madrid,ESP,373215,4459797,,,,,,,CEN18,262,266,0,0,347,357,114,116,223,229,165,165,216,216,220,220,249,251
,Coca,Segovia,ESP,374509,4568194,800,Segovia,ESP,374509,4568194,800,COC2,262,262,0,0,349,349,116,116,226,226,161,165,216,216,220,220,251,251
,Coca,Segovia,ESP,374509,4568194,,,,,,,COC3,258,262,0,0,357,357,114,116,226,229,165,165,216,216,220,220,249,249
,Coca,Segovia,ESP,374509,4568194,,,,,,,COC6,262,270,0,0,347,357,120,120,226,232,165,165,216,216,220,229,251,251
,Coca,Segovia,ESP,374509,4568194,,,,,,,COC8,258,258,0,0,349,349,114,116,226,232,161,165,202,216,220,220,249,253
,Coca,Segovia,ESP,374509,4568194,,,,,,,COC9,262,262,0,0,0,0,116,116,226,226,165,165,216,216,220,220,249,251
,Coca,Segovia,ESP,374509,4568194,,,,,,,COC10,262,264,0,0,349,357,114,120,229,232,163,165,214,214,220,220,249,251
,Coca,Segovia,ESP,374509,4568194,,,,,,,COC11,262,266,0,0,0,0,114,120,226,229,165,165,216,216,220,220,249,249
,Coca,Segovia,ESP,374509,4568194,,,,,,,COC12,262,270,0,0,349,349,114,116,223,226,165,165,202,216,217,220,239,249
,Coca,Segovia,ESP,374509,4568194,,,,,,,COC13,262,266,0,0,347,349,108,114,223,232,161,163,216,216,220,220,241,251
,Coca,Segovia,ESP,374509,4568194,,,,,,,COC14,262,266,0,0,347,349,114,116,223,232,163,165,216,216,220,220,239,249
,Coca,Segovia,ESP,374509,4568194,,,,,,,COC15,258,262,0,0,349,357,116,120,226,232,165,165,214,216,220,220,249,251
,Coca,Segovia,ESP,374509,4568194,,,,,,,COC17,262,266,0,0,347,347,114,120,226,232,163,165,216,216,220,220,249,249
,Coca,Segovia,ESP,374509,4568194,,,,,,,COC18,258,262,0,0,0,0,116,120,226,232,161,165,216,216,211,220,249,249
,Coca,Segovia,ESP,374509,4568194,,,,,,,COC19,262,262,0,0,347,349,116,120,226,232,163,165,216,216,220,220,249,251
,Coca,Segovia,ESP,374509,4568194,,,,,,,COC20,0,0,0,0,0,0,114,120,0,0,163,163,216,216,217,217,239,251
,Coca,Segovia,ESP,374509,4568194,,,,,,,COC23,262,262,0,0,349,357,114,120,226,226,161,165,216,216,217,220,249,249
,Coca,Segovia,ESP,374509,4568194,,,,,,,COC24,258,262,0,0,347,347,116,120,229,229,163,165,216,216,220,220,247,253
,Coca,Segovia,ESP,374509,4568194,,,,,,,COC28,262,266,0,0,349,357,114,116,226,232,163,165,202,216,220,229,247,253
,Coca,Segovia,ESP,374509,4568194,,,,,,,COC29,262,264,0,0,349,357,120,120,226,229,0,0,216,216,217,220,249,251
,Cuellar,Segovia,ESP,375892,4581486,830,Segovia,ESP,375892,4581486,830,CUE1,262,264,182,186,349,349,118,120,226,229,165,167,216,216,220,220,249,249
,Cuellar,Segovia,ESP,375892,4581486,,,,,,,CUE2,258,266,174,174,349,349,114,120,226,232,167,175,216,216,217,220,251,251
,Cuellar,Segovia,ESP,375892,4581486,,,,,,,CUE3,258,262,166,170,349,357,114,116,226,238,163,165,214,216,217,220,249,251
,Cuellar,Segovia,ESP,375892,4581486,,,,,,,CUE4,264,266,166,182,349,357,114,116,226,232,165,165,216,216,220,220,249,249
,Cuellar,Segovia,ESP,375892,4581486,,,,,,,CUE5,264,266,176,184,349,349,114,120,226,226,161,165,216,216,229,229,249,251
,Cuellar,Segovia,ESP,375892,4581486,,,,,,,CUE6,264,264,174,176,349,357,114,116,226,232,165,177,214,220,220,229,0,0
,Cuellar,Segovia,ESP,375892,4581486,,,,,,,CUE7,258,266,172,178,347,349,116,120,226,232,165,165,202,216,220,220,253,253
,Cuellar,Segovia,ESP,375892,4581486,,,,,,,CUE8,262,262,166,174,349,357,112,116,226,232,165,165,202,216,220,220,0,0
,Cuellar,Segovia,ESP,375892,4581486,,,,,,,CUE9,262,262,172,172,357,357,114,118,229,232,163,165,216,216,220,229,251,253
,Cuellar,Segovia,ESP,375892,4581486,,,,,,,CUE10,262,270,176,178,349,357,114,114,223,229,165,165,202,216,220,220,249,253
,Cuellar,Segovia,ESP,375892,4581486,,,,,,,CUE11,262,262,166,174,347,349,116,120,226,232,165,165,216,216,217,220,249,251
,Cuellar,Segovia,ESP,375892,4581486,,,,,,,CUE12,262,262,178,182,347,357,116,120,229,232,161,165,202,216,220,220,239,251
,Cuellar,Segovia,ESP,375892,4581486,,,,,,,CUE13,266,266,174,174,349,349,114,120,226,226,163,165,216,216,220,220,239,251
,Cuellar,Segovia,ESP,375892,4581486,,,,,,,CUE14,262,264,174,180,349,357,116,122,226,232,165,165,216,216,220,220,251,251
,Cuellar,Segovia,ESP,375892,4581486,,,,,,,CUE15,262,264,172,188,349,357,118,120,232,232,161,163,202,216,220,220,249,251
,Cuellar,Segovia,ESP,375892,4581486,,,,,,,CUE16,262,262,166,184,349,357,114,116,232,232,165,167,216,216,220,220,239,239
,Cuellar,Segovia,ESP,375892,4581486,,,,,,,CUE17,258,266,172,176,357,357,116,116,229,229,165,179,216,220,220,220,251,251
,Cuellar,Segovia,ESP,375892,4581486,,,,,,,CUE18,262,262,166,174,0,0,112,116,232,232,163,165,0,0,220,229,0,0
,Cuellar,Segovia,ESP,375892,4581486,,,,,,,CUE19,258,266,170,178,349,357,114,120,226,229,177,177,216,216,220,220,249,249
,Cuellar,Segovia,ESP,375892,4581486,,,,,,,CUE20,258,270,174,182,357,357,116,120,229,232,165,167,216,216,220,220,249,251
,Cuellar,Segovia,ESP,375892,4581486,,,,,,,CUE21,262,262,184,188,349,357,114,116,226,226,163,165,216,216,220,220,247,251
,Cuellar,Segovia,ESP,375892,4581486,,,,,,,CUE22,262,270,168,174,349,349,114,116,226,229,163,165,0,0,220,229,239,251
,Cuellar,Segovia,ESP,375892,4581486,,,,,,,CUE23,264,266,172,192,0,0,116,120,226,226,163,163,0,0,220,220,249,249
,Cuellar,Segovia,ESP,375892,4581486,,,,,,,CUE24,258,258,174,182,347,349,116,116,226,229,163,163,0,0,220,220,249,249
,Cuellar,Segovia,ESP,375892,4581486,,,,,,,CUE25,258,264,178,190,0,0,116,116,232,236,0,0,214,216,220,220,251,251
,Cuellar,Segovia,ESP,375892,4581486,,,,,,,CUE27,0,0,0,0,0,0,116,120,229,232,0,0,0,0,0,0,0,0
,Cuellar,Segovia,ESP,375892,4581486,,,,,,,CUE28,262,270,172,184,349,349,114,114,223,232,163,165,0,0,220,220,251,251
,Cuellar,Segovia,ESP,375892,4581486,,,,,,,CUE30,262,264,174,180,349,357,114,116,226,226,165,165,216,216,220,220,249,249
,Bayubas de Abajo,Soria,ESP,502793,4596896,998,Soria,ESP,502793,4596896,998,BAY1,262,262,182,190,349,357,116,116,226,226,161,165,0,0,220,229,249,249
,Bayubas de Abajo,Soria,ESP,502793,4596896,,,,,,,BAY2,266,270,182,182,347,357,112,114,226,232,163,165,216,216,220,220,251,257
,Bayubas de Abajo,Soria,ESP,502793,4596896,,,,,,,BAY3,264,264,174,186,349,349,114,114,223,226,165,165,216,216,229,229,249,251
,Bayubas de Abajo,Soria,ESP,502793,4596896,,,,,,,BAY4,262,270,0,0,349,349,114,118,226,232,165,167,216,216,220,220,249,249
,Bayubas de Abajo,Soria,ESP,502793,4596896,,,,,,,BAY5,266,270,182,182,349,349,118,120,226,229,165,181,0,0,220,220,251,251
,Bayubas de Abajo,Soria,ESP,502793,4596896,,,,,,,BAY7,262,266,166,186,349,349,118,120,223,232,163,163,216,216,0,0,0,0
,Bayubas de Abajo,Soria,ESP,502793,4596896,,,,,,,BAY9,262,262,174,174,349,357,114,120,226,232,165,165,202,216,220,220,249,249
,Bayubas de Abajo,Soria,ESP,502793,4596896,,,,,,,BAY10,258,264,174,176,349,349,114,114,226,232,0,0,216,216,220,220,0,0
,Bayubas de Abajo,Soria,ESP,502793,4596896,,,,,,,BAY11,262,270,178,182,347,349,118,122,226,232,165,165,216,216,0,0,0,0
,Bayubas de Abajo,Soria,ESP,502793,4596896,,,,,,,BAY12,266,266,176,182,347,357,116,120,229,232,161,163,216,216,220,220,0,0
,Bayubas de Abajo,Soria,ESP,502793,4596896,,,,,,,BAY13,262,266,174,182,349,349,114,118,232,232,165,165,0,0,220,220,249,251
,Bayubas de Abajo,Soria,ESP,502793,4596896,,,,,,,BAY14,264,266,176,182,357,357,116,120,226,226,165,165,216,216,220,220,239,251
,Bayubas de Abajo,Soria,ESP,502793,4596896,,,,,,,BAY15,258,266,174,188,347,349,114,118,226,226,163,165,216,216,220,220,249,251
,Bayubas de Abajo,Soria,ESP,502793,4596896,,,,,,,BAY16,262,266,0,0,0,0,114,114,0,0,165,177,0,0,220,220,0,0
,Bayubas de Abajo,Soria,ESP,502793,4596896,,,,,,,BAY17,262,262,174,182,347,349,120,120,226,232,0,0,216,216,220,220,249,249
,Bayubas de Abajo,Soria,ESP,502793,4596896,,,,,,,BAY18,264,266,176,186,349,349,114,116,226,226,0,0,0,0,220,220,249,249
,Bayubas de Abajo,Soria,ESP,502793,4596896,,,,,,,BAY20,262,262,178,182,349,349,116,120,226,232,167,167,216,216,220,220,251,251
,Bayubas de Abajo,Soria,ESP,502793,4596896,,,,,,,BAY21,262,262,176,186,347,357,116,120,226,226,161,165,216,216,220,220,249,251
,Bayubas de Abajo,Soria,ESP,502793,4596896,,,,,,,BAY23,258,264,176,186,349,357,112,118,223,226,163,165,0,0,220,220,0,0
,Bayubas de Abajo,Soria,ESP,502793,4596896,,,,,,,BAY24,262,262,176,186,347,357,114,118,226,226,161,165,202,216,220,220,249,251
,Bayubas de Abajo,Soria,ESP,502793,4596896,,,,,,,BAY25,262,262,176,182,347,347,114,114,226,232,165,167,0,0,220,220,239,251
,Bayubas de Abajo,Soria,ESP,502793,4596896,,,,,,,BAY26,258,266,172,184,347,357,114,114,226,232,163,165,0,0,0,0,0,0
,Bayubas de Abajo,Soria,ESP,502793,4596896,,,,,,,BAY27,258,264,174,176,347,355,116,116,226,226,165,167,208,216,220,220,251,251
,Bayubas de Abajo,Soria,ESP,502793,4596896,,,,,,,BAY28,262,262,182,186,347,349,114,114,226,232,0,0,0,0,220,220,249,251
,Bayubas de Abajo,Soria,ESP,502793,4596896,,,,,,,BAY29,262,266,176,180,357,357,116,120,226,229,165,165,216,216,220,229,251,251
,Bayubas de Abajo,Soria,ESP,502793,4596896,,,,,,,BAY30,258,258,174,182,349,349,116,116,226,226,165,177,216,216,220,220,251,251
,Bayubas de Abajo,Soria,ESP,502793,4596896,,,,,,,BAY31,266,266,182,188,349,357,116,116,226,232,161,165,216,216,220,220,239,251
,San Leonardo,Soria,ESP,494792,4631494,1096,Soria,ESP,494792,4631494,1096,SAL1,262,262,0,0,349,357,114,120,226,226,161,165,216,216,220,220,0,0
,San Leonardo,Soria,ESP,494792,4631494,,,,,,,SAL2,264,264,0,0,349,357,114,114,226,229,163,165,0,0,220,220,247,249
,San Leonardo,Soria,ESP,494792,4631494,,,,,,,SAL3,262,266,178,188,349,357,114,120,226,229,165,167,216,216,217,220,249,251
,San Leonardo,Soria,ESP,494792,4631494,,,,,,,SAL4,262,262,172,180,349,357,116,120,226,226,165,185,202,216,211,220,249,257
,San Leonardo,Soria,ESP,494792,4631494,,,,,,,SAL6,262,270,180,180,0,0,116,116,226,229,0,0,202,202,0,0,0,0
,San Leonardo,Soria,ESP,494792,4631494,,,,,,,SAL9,264,266,178,190,349,357,120,122,226,226,167,167,216,216,220,220,251,251
,San Leonardo,Soria,ESP,494792,4631494,,,,,,,SAL10,264,270,172,178,357,357,114,120,226,232,165,165,216,220,220,220,239,249
,San Leonardo,Soria,ESP,494792,4631494,,,,,,,SAL11,258,262,176,176,347,357,114,114,226,232,165,167,216,216,220,229,239,251
,San Leonardo,Soria,ESP,494792,4631494,,,,,,,SAL13,262,262,166,186,357,357,116,120,226,226,165,167,216,216,220,220,249,249
,San Leonardo,Soria,ESP,494792,4631494,,,,,,,SAL14,262,266,178,182,349,349,114,114,226,232,165,167,216,216,229,229,249,251
,San Leonardo,Soria,ESP,494792,4631494,,,,,,,SAL16,262,264,166,182,347,357,114,116,226,226,165,167,0,0,217,220,0,0
,San Leonardo,Soria,ESP,494792,4631494,,,,,,,SAL17,258,264,174,186,347,347,114,120,226,226,0,0,202,216,220,229,249,249
,San Leonardo,Soria,ESP,494792,4631494,,,,,,,SAL18,270,270,174,180,349,357,114,116,226,232,163,165,216,216,220,220,249,249
,San Leonardo,Soria,ESP,494792,4631494,,,,,,,SAL20,258,262,182,184,347,357,114,116,226,226,165,165,216,216,220,220,249,249
,San Leonardo,Soria,ESP,494792,4631494,,,,,,,SAL21,258,262,176,182,357,357,116,122,226,226,165,177,214,216,220,220,239,253
,San Leonardo,Soria,ESP,494792,4631494,,,,,,,SAL24,258,266,176,180,347,349,114,120,226,229,161,185,216,216,220,220,249,249
,San Leonardo,Soria,ESP,494792,4631494,,,,,,,SAL25,264,264,186,188,349,357,120,120,226,226,165,167,216,216,220,220,251,253
,San Leonardo,Soria,ESP,494792,4631494,,,,,,,SAL27,264,264,172,176,349,357,116,120,226,229,165,165,216,216,220,229,249,249
,San Leonardo,Soria,ESP,494792,4631494,,,,,,,SAL29,264,264,186,188,349,357,116,120,226,226,165,167,0,0,220,220,0,0
,San Leonardo,Soria,ESP,494792,4631494,,,,,,,SAL30,262,262,176,182,349,349,120,124,226,226,161,165,202,216,220,220,249,249
,Boniches,Cuenca,ESP,614350,4427125,1104,Cuenca,ESP,614350,4427125,1104,BON1,270,270,186,186,349,357,120,122,226,232,165,165,202,216,220,220,241,257
,Boniches,Cuenca,ESP,614350,4427125,,,,,,,BON2,262,270,172,184,349,349,116,120,226,232,163,165,216,216,220,220,249,249
,Boniches,Cuenca,ESP,614350,4427125,,,,,,,BON3,262,262,182,186,347,349,116,116,226,226,162,165,216,220,220,220,241,249
,Boniches,Cuenca,ESP,614350,4427125,,,,,,,BON4,264,264,168,168,347,349,114,116,229,229,165,165,216,216,220,220,249,249
,Boniches,Cuenca,ESP,614350,4427125,,,,,,,BON5,262,262,166,180,347,349,114,114,223,226,165,165,214,216,217,220,247,253
,Boniches,Cuenca,ESP,614350,4427125,,,,,,,BON7,0,0,0,0,349,349,114,116,229,232,0,0,0,0,220,220,0,0
,Boniches,Cuenca,ESP,614350,4427125,,,,,,,BON8,262,266,166,176,349,349,114,116,226,226,163,165,202,216,220,220,249,251
,Boniches,Cuenca,ESP,614350,4427125,,,,,,,BON9,262,264,180,182,347,349,116,120,226,232,163,165,216,216,220,220,249,249
,Boniches,Cuenca,ESP,614350,4427125,,,,,,,BON11,258,270,178,182,347,349,114,116,223,226,165,165,202,216,220,220,239,253
,Boniches,Cuenca,ESP,614350,4427125,,,,,,,BON13,270,270,166,180,349,349,114,120,223,229,163,165,216,216,220,220,249,249
,Boniches,Cuenca,ESP,614350,4427125,,,,,,,BON15,262,270,166,182,349,349,114,116,226,229,165,165,216,216,220,220,249,251
,Olba,Teruel,ESP,702408,4449779,1002,Teruel,ESP,702408,4449779,1002,OLB0,262,264,166,182,347,357,114,116,226,229,165,165,216,216,220,229,249,249
,Olba,Teruel,ESP,702408,4449779,,,,,,,OLB23,258,262,180,180,347,349,114,120,229,232,165,165,216,216,220,220,243,251
,Olba,Teruel,ESP,702408,4449779,,,,,,,OLB27,262,270,0,0,347,349,114,114,223,226,165,165,216,216,220,220,249,251
,Olba,Teruel,ESP,702408,4449779,,,,,,,OLB35,258,258,166,174,347,357,116,120,226,226,165,165,216,216,220,229,239,249
,Olba,Teruel,ESP,702408,4449779,,,,,,,OLB40,262,262,174,180,347,357,116,122,223,229,165,165,216,216,220,220,251,251
,Olba,Teruel,ESP,702408,4449779,,,,,,,OLB48,262,262,174,178,347,347,114,120,226,229,0,0,0,0,0,0,0,0
,Olba,Teruel,ESP,702408,4449779,,,,,,,OLB49,262,270,174,176,349,349,116,118,232,232,161,161,208,216,220,220,249,251
,Olba,Teruel,ESP,702408,4449779,,,,,,,OLB52,258,262,180,180,347,347,114,114,226,226,163,165,216,216,220,220,251,251
,Olba,Teruel,ESP,702408,4449779,,,,,,,OLB54,264,270,166,182,0,0,114,116,0,0,165,165,216,216,220,220,249,249
,Olba,Teruel,ESP,702408,4449779,,,,,,,OLB59,262,264,166,174,345,349,114,118,229,232,163,165,216,216,0,0,239,251
,Olba,Teruel,ESP,702408,4449779,,,,,,,OLB66,262,268,178,180,349,349,114,120,232,232,163,165,216,216,220,220,0,0
,Olba,Teruel,ESP,702408,4449779,,,,,,,OLB72,258,262,174,182,349,357,114,122,229,229,161,165,216,216,220,229,249,251
,Olba,Teruel,ESP,702408,4449779,,,,,,,OLB73,262,270,180,182,349,349,114,114,226,226,165,165,202,216,220,220,249,253
,Olba,Teruel,ESP,702408,4449779,,,,,,,OLB75,262,270,166,176,349,357,114,120,229,229,163,165,216,216,220,220,239,253
,Olba,Teruel,ESP,702408,4449779,,,,,,,OLB78,258,266,174,174,357,357,114,116,226,232,161,165,216,216,220,220,241,241
,Olba,Teruel,ESP,702408,4449779,,,,,,,OLB82,266,266,180,186,349,357,114,114,229,229,165,177,216,216,220,220,249,251
,Olba,Teruel,ESP,702408,4449779,,,,,,,OLB84,262,270,0,0,0,0,114,120,226,226,163,165,208,216,220,220,249,251
,Olba,Teruel,ESP,702408,4449779,,,,,,,OLB87,262,262,174,176,349,349,114,116,226,229,165,165,216,216,0,0,249,249
,Olba,Teruel,ESP,702408,4449779,,,,,,,OLB90,258,262,166,174,347,349,114,116,226,226,163,165,216,216,220,229,249,249
,Olba,Teruel,ESP,702408,4449779,,,,,,,OLB91,258,258,166,174,349,349,114,114,223,229,165,165,202,216,220,220,251,251
,Olba,Teruel,ESP,702408,4449779,,,,,,,OLB92,258,270,180,190,347,357,114,114,226,226,163,165,216,216,220,220,239,251
,Olba,Teruel,ESP,702408,4449779,,,,,,,OLB94,262,266,166,174,0,0,116,118,226,232,165,165,216,216,220,220,241,249
,Sinarcas,Valencia,ESP,,,,Valencia,ESP,653853,4406168,882,SIN1,258,262,0,0,349,349,114,116,223,226,163,163,216,216,220,220,239,249
,Sinarcas,Valencia,ESP,,,,,,,,,SIN2,266,266,0,0,349,357,114,120,223,226,163,167,202,216,220,220,249,259
,Sinarcas,Valencia,ESP,,,,,,,,,SIN3,258,258,0,0,347,349,114,114,223,226,163,165,216,216,220,220,249,251
,Sinarcas,Valencia,ESP,,,,,,,,,SIN4,262,262,0,0,349,349,120,122,226,232,165,165,0,0,220,220,0,0
,Sinarcas,Valencia,ESP,,,,,,,,,SIN5,262,270,0,0,345,349,114,118,226,226,163,165,216,216,220,229,249,249
,Sinarcas,Valencia,ESP,,,,,,,,,SIN6,262,266,0,0,347,347,114,114,226,232,161,163,216,216,220,229,239,241
,Sinarcas,Valencia,ESP,,,,,,,,,SIN7,264,264,0,0,347,347,114,120,223,232,163,165,216,216,220,229,251,253
,Sinarcas,Valencia,ESP,,,,,,,,,SIN8,262,262,0,0,347,357,116,120,226,229,163,165,216,216,220,220,239,249
,Sinarcas,Valencia,ESP,,,,,,,,,SIN9,262,270,0,0,349,349,114,116,223,226,163,165,216,216,220,220,247,249
,Sinarcas,Valencia,ESP,,,,,,,,,SIN10,262,266,0,0,347,357,114,114,229,229,163,163,216,216,220,220,247,249
,Sinarcas,Valencia,ESP,,,,,,,,,SIN11,258,270,0,0,347,357,118,118,226,226,165,165,216,216,220,229,253,253
,Sinarcas,Valencia,ESP,,,,,,,,,SIN12,258,258,0,0,347,349,114,116,223,229,163,165,202,216,220,220,249,249
,Sinarcas,Valencia,ESP,,,,,,,,,SIN13,258,262,0,0,347,349,114,116,226,232,161,165,216,216,220,229,249,249
,Sinarcas,Valencia,ESP,,,,,,,,,SIN14,258,266,0,0,349,349,114,120,229,229,163,165,216,216,220,220,249,251
,Sinarcas,Valencia,ESP,,,,,,,,,SIN15,258,262,0,0,349,349,108,114,223,229,165,165,216,216,220,220,239,251
,Sinarcas,Valencia,ESP,,,,,,,,,SIN16,258,270,0,0,349,349,116,116,226,226,163,165,216,216,220,220,239,251
,Sinarcas,Valencia,ESP,,,,,,,,,SIN17,270,270,0,0,347,349,116,116,226,232,163,165,216,216,220,220,249,249
,Sinarcas,Valencia,ESP,,,,,,,,,SIN18,264,270,0,0,347,357,114,120,229,229,165,165,202,216,217,220,239,249
,Sinarcas,Valencia,ESP,,,,,,,,,SIN19,264,266,0,0,349,357,108,120,223,229,165,165,216,216,220,220,249,251
,Sinarcas,Valencia,ESP,,,,,,,,,SIN20,262,262,0,0,349,357,116,116,226,226,165,165,214,216,220,220,239,247
,Sinarcas,Valencia,ESP,,,,,,,,,SIN21,262,262,0,0,349,349,114,114,226,226,163,165,216,216,220,220,249,249
,Sinarcas,Valencia,ESP,,,,,,,,,SIN22,262,264,0,0,349,357,114,114,226,232,163,163,214,214,220,220,251,251
,Sinarcas,Valencia,ESP,,,,,,,,,SIN23,262,262,0,0,347,349,114,116,223,232,163,165,216,216,220,220,247,249
,Sinarcas,Valencia,ESP,,,,,,,,,SIN24,262,262,0,0,349,349,108,114,226,229,163,163,216,216,217,220,249,249
,Sinarcas,Valencia,ESP,,,,,,,,,SIN25,262,272,0,0,347,357,114,116,229,232,163,165,208,216,220,220,249,249
,Sinarcas,Valencia,ESP,,,,,,,,,SIN26,264,264,0,0,347,357,114,116,226,229,163,163,216,216,220,220,251,253
,Sinarcas,Valencia,ESP,,,,,,,,,SIN27,262,270,0,0,349,357,114,120,226,226,163,165,202,216,220,229,239,249
,Sinarcas,Valencia,ESP,,,,,,,,,SIN28,264,270,0,0,347,349,114,120,229,232,163,163,202,216,220,220,247,255
,Sinarcas,Valencia,ESP,,,,,,,,,SIN29,258,262,0,0,349,349,116,120,223,226,163,165,216,216,220,220,251,251
,Sinarcas,Valencia,ESP,,,,,,,,,SIN30,258,266,0,0,349,357,120,122,229,232,163,163,216,216,220,220,247,249
,Sinarcas,Valencia,ESP,,,,,,,,,SIN31,264,270,0,0,347,349,116,120,223,232,161,165,216,216,220,220,249,251
,Sinarcas,Valencia,ESP,,,,,,,,,SIN32,262,262,0,0,349,349,114,116,223,232,163,163,0,0,220,220,249,253
,Sinarcas,Valencia,ESP,,,,,,,,,SIN33,264,270,0,0,349,349,114,116,226,226,163,165,216,216,220,220,249,249
,Sinarcas,Valencia,ESP,,,,,,,,,SIN34,262,270,0,0,347,357,114,114,226,229,163,165,208,216,220,220,253,253
,Sinarcas,Valencia,ESP,,,,,,,,,SIN35,262,262,0,0,0,0,114,116,226,226,161,161,216,216,220,220,243,253
,Sinarcas,Valencia,ESP,,,,,,,,,SIN36,258,262,0,0,349,349,114,120,223,226,163,163,216,218,220,220,249,251
,Sinarcas,Valencia,ESP,,,,,,,,,SIN37,258,270,0,0,0,0,114,120,226,229,163,165,202,220,220,220,249,251
,Sinarcas,Valencia,ESP,,,,,,,,,SIN38,262,262,0,0,349,357,120,120,226,229,165,165,216,216,220,220,249,249
,Sinarcas,Valencia,ESP,,,,,,,,,SIN39,258,262,0,0,349,357,114,118,232,232,0,0,216,216,0,0,249,251
,Sinarcas,Valencia,ESP,,,,,,,,,SIN40,262,270,0,0,347,349,108,114,223,229,165,165,216,216,220,220,249,251
,Sinarcas,Valencia,ESP,,,,,,,,,SIN41,262,270,0,0,349,357,108,114,223,226,165,165,216,216,217,220,249,253
,Sinarcas,Valencia,ESP,,,,,,,,,SIN42,264,270,0,0,347,349,114,116,226,232,165,165,216,216,220,220,239,249
,Sinarcas,Valencia,ESP,,,,,,,,,SIN43,262,262,0,0,349,349,114,116,226,226,163,163,214,216,220,220,249,251
,Sinarcas,Valencia,ESP,,,,,,,,,SIN44,262,266,0,0,347,357,116,116,226,229,163,165,202,216,220,220,249,249
,Sinarcas,Valencia,ESP,,,,,,,,,SIN45,262,270,0,0,347,357,118,118,226,232,163,163,216,216,220,220,239,249
,Sinarcas,Valencia,ESP,,,,,,,,,SIN46,262,270,0,0,347,347,116,116,226,232,163,165,202,202,220,220,249,251
,Sinarcas,Valencia,ESP,,,,,,,,,SIN47,264,270,0,0,347,349,114,122,223,232,165,165,216,216,220,220,249,249
,Sinarcas,Valencia,ESP,,,,,,,,,SIN48,258,262,0,0,345,347,116,116,226,232,165,165,216,216,220,220,239,249
,Sinarcas,Valencia,ESP,,,,,,,,,SIN49,266,266,0,0,345,357,116,120,226,226,161,165,216,216,220,220,249,249
,Sinarcas,Valencia,ESP,,,,,,,,,SIN50,258,258,0,0,349,357,116,116,223,229,163,165,208,216,220,220,239,249
,Sinarcas,Valencia,ESP,,,,,,,,,SIN51,262,262,0,0,0,0,114,120,223,229,163,163,216,216,217,220,249,251
,Sinarcas,Valencia,ESP,,,,,,,,,SIN52,262,270,0,0,349,349,116,116,223,226,163,165,216,216,220,220,249,249
,Sinarcas,Valencia,ESP,,,,,,,,,SIN53,262,262,0,0,349,349,116,116,229,232,165,165,216,216,220,229,249,253
,Sinarcas,Valencia,ESP,,,,,,,,,SIN54,0,0,0,0,349,349,116,122,226,232,163,163,0,0,220,229,0,0
,Sinarcas,Valencia,ESP,,,,,,,,,SIN55,258,270,0,0,349,349,114,116,226,232,163,163,208,216,220,220,247,249
,Sinarcas,Valencia,ESP,,,,,,,,,SIN56,262,266,0,0,349,349,114,116,229,232,163,165,202,216,220,220,239,249
,Sinarcas,Valencia,ESP,,,,,,,,,SIN57,262,266,0,0,349,357,114,114,226,232,161,165,216,216,220,220,251,251
,Sinarcas,Valencia,ESP,,,,,,,,,SIN58,252,270,0,0,347,347,116,120,223,232,163,165,216,216,220,220,251,253
,Sinarcas,Valencia,ESP,,,,,,,,,SIN59,262,266,0,0,0,0,116,120,226,226,163,163,208,216,220,220,251,253
,Sinarcas,Valencia,ESP,,,,,,,,,SIN60,262,264,0,0,349,349,116,120,232,232,163,163,216,218,220,220,239,249
,Sinarcas,Valencia,ESP,,,,,,,,,SIN61,262,266,0,0,349,357,116,120,226,226,163,165,214,216,220,220,247,249
,Sinarcas,Valencia,ESP,,,,,,,,,SIN62,262,262,0,0,349,349,120,120,226,226,165,165,216,216,220,220,249,249
,Sinarcas,Valencia,ESP,,,,,,,,,SIN63,262,262,0,0,347,349,114,116,226,232,163,167,216,216,220,229,249,253
,Sinarcas,Valencia,ESP,,,,,,,,,SIN64,252,258,0,0,347,349,120,120,226,232,165,165,216,216,220,220,249,249
,Sinarcas,Valencia,ESP,,,,,,,,,SIN65,262,262,0,0,347,347,114,124,226,232,167,167,202,216,220,220,249,251
,Sinarcas,Valencia,ESP,,,,,,,,,SIN66,262,266,0,0,0,0,114,120,229,229,165,165,216,216,220,229,249,249
,Sinarcas,Valencia,ESP,,,,,,,,,SIN67,264,270,0,0,349,349,116,120,223,226,163,165,208,216,220,220,249,249
,Sierra Calderona,Valencia,ESP,,,,Valencia,ESP,714593,4402962,1277,CAL1,262,266,0,0,349,357,114,122,226,226,165,165,216,216,220,220,247,249
,Sierra Calderona,Valencia,ESP,,,,,,,,,CAL2,258,262,0,0,349,349,114,116,226,232,161,163,216,216,220,220,241,249
,Sierra Calderona,Valencia,ESP,,,,,,,,,CAL3,260,270,0,0,357,357,114,116,226,229,165,165,216,216,220,220,249,251
,Sierra Calderona,Valencia,ESP,,,,,,,,,CAL4,262,266,0,0,349,357,114,116,223,229,163,163,216,216,220,220,249,251
,Sierra Calderona,Valencia,ESP,,,,,,,,,CAL5,262,266,0,0,349,349,114,116,226,226,165,165,216,216,220,220,241,253
,Sierra Calderona,Valencia,ESP,,,,,,,,,CAL6,262,266,0,0,349,349,114,116,223,226,163,165,216,216,220,220,248,251
,Sierra Calderona,Valencia,ESP,,,,,,,,,CAL7,0,0,0,0,347,357,114,116,226,226,163,165,0,0,220,220,0,0
,Sierra Calderona,Valencia,ESP,,,,,,,,,CAL8,262,270,0,0,349,357,114,120,226,232,165,165,216,216,220,220,249,251
,Sierra Calderona,Valencia,ESP,,,,,,,,,CAL9,262,262,0,0,347,349,116,120,226,229,165,165,202,216,211,220,251,251
,Sierra Calderona,Valencia,ESP,,,,,,,,,CAL10,266,266,0,0,357,357,114,120,226,226,163,165,216,216,220,220,247,249
,Sierra Calderona,Valencia,ESP,,,,,,,,,CAL11,258,262,0,0,0,0,116,120,226,229,0,0,208,216,0,0,249,251
,Sierra Calderona,Valencia,ESP,,,,,,,,,CAL12,258,262,0,0,349,349,114,120,226,229,165,165,216,216,220,220,249,251
,Sierra Calderona,Valencia,ESP,,,,,,,,,CAL13,258,262,0,0,349,357,114,116,223,226,161,163,216,216,220,220,249,251
,Sierra Calderona,Valencia,ESP,,,,,,,,,CAL14,258,258,0,0,347,349,116,116,229,229,165,165,216,216,220,220,251,251
,Sierra Calderona,Valencia,ESP,,,,,,,,,CAL15,258,266,0,0,349,349,114,120,226,226,165,165,202,216,220,220,249,251
,Sierra Calderona,Valencia,ESP,,,,,,,,,CAL16,262,262,0,0,349,357,116,120,226,226,163,165,216,216,220,220,249,249
,Sierra Calderona,Valencia,ESP,,,,,,,,,CAL17,262,264,0,0,349,349,114,116,226,229,165,165,216,216,217,220,249,251
,Sierra Calderona,Valencia,ESP,,,,,,,,,CAL18,262,262,0,0,349,357,114,116,226,226,0,0,208,216,0,0,249,251
,Sierra Calderona,Valencia,ESP,,,,,,,,,CAL19,262,262,0,0,349,357,116,116,223,232,0,0,216,216,0,0,249,249
,Sierra Calderona,Valencia,ESP,,,,,,,,,CAL20,262,264,0,0,349,349,114,116,226,232,165,165,216,216,220,220,241,251
,Sierra Calderona,Valencia,ESP,,,,,,,,,CAL21,262,266,0,0,347,349,118,120,223,226,163,165,208,216,220,220,249,251
,Sierra Calderona,Valencia,ESP,,,,,,,,,CAL22,258,262,0,0,349,357,114,114,226,229,165,167,202,216,220,220,249,249
,Sierra Calderona,Valencia,ESP,,,,,,,,,CAL23,264,270,0,0,349,357,114,116,229,232,165,165,202,216,220,220,249,251
,Sierra Calderona,Valencia,ESP,,,,,,,,,CAL24,262,264,0,0,349,349,114,116,226,226,165,165,216,216,220,220,251,255
,Sierra Calderona,Valencia,ESP,,,,,,,,,CAL25,258,270,0,0,349,357,116,120,226,229,163,165,202,208,220,220,249,251
,Sierra Calderona,Valencia,ESP,,,,,,,,,CAL26,258,262,0,0,349,349,120,120,226,226,163,163,216,216,220,220,239,249
,Sierra Calderona,Valencia,ESP,,,,,,,,,CAL27,258,262,0,0,349,357,114,114,226,226,0,0,216,216,0,0,249,251
,Sierra Calderona,Valencia,ESP,,,,,,,,,CAL28,262,270,0,0,349,349,116,116,226,226,161,165,216,216,220,220,249,249
,Sierra Calderona,Valencia,ESP,,,,,,,,,CAL29,262,264,0,0,349,357,116,116,226,226,163,165,216,220,220,220,249,251
,Sierra Calderona,Valencia,ESP,,,,,,,,,CAL30,258,270,0,0,349,357,114,116,223,226,163,165,216,216,217,220,0,0
,Sierra Calderona,Valencia,ESP,,,,,,,,,CAL31,262,266,0,0,349,349,114,120,223,226,163,165,216,216,220,220,239,249
,Sierra Calderona,Valencia,ESP,,,,,,,,,CAL32,262,264,0,0,357,357,114,120,226,226,165,165,216,216,220,220,241,249
,Sierra Calderona,Valencia,ESP,,,,,,,,,CAL33,258,266,0,0,347,347,114,120,226,226,161,163,202,216,220,220,239,249
,Sierra Calderona,Valencia,ESP,,,,,,,,,CAL34,258,262,0,0,357,357,114,120,226,226,165,165,216,216,217,220,251,251
,Sierra Calderona,Valencia,ESP,,,,,,,,,CAL35,262,266,0,0,0,0,114,120,226,229,165,165,210,216,220,220,249,251
,Sierra Calderona,Valencia,ESP,,,,,,,,,CAL36,262,270,0,0,349,357,114,118,226,226,165,165,208,216,220,220,249,251
,Sierra Calderona,Valencia,ESP,,,,,,,,,CAL37,262,262,0,0,349,349,114,114,226,226,163,167,216,216,217,220,251,251
,Sierra Calderona,Valencia,ESP,,,,,,,,,CAL38,262,264,0,0,349,357,116,116,226,232,163,165,216,216,220,220,249,251
,Sierra Calderona,Valencia,ESP,,,,,,,,,CAL39,264,264,0,0,357,357,0,0,223,229,165,165,216,216,220,220,249,251
,Sierra Calderona,Valencia,ESP,,,,,,,,,CAL40,0,0,0,0,349,357,114,120,226,229,165,165,216,216,220,220,239,249
,Sierra Calderona,Valencia,ESP,,,,,,,,,CAL41,258,262,0,0,349,349,114,114,223,229,165,165,216,216,220,220,249,249
,Sierra Calderona,Valencia,ESP,,,,,,,,,CAL42,258,270,0,0,347,357,114,116,226,226,165,165,0,0,220,220,241,251
,Sierra Calderona,Valencia,ESP,,,,,,,,,CAL43,264,266,0,0,349,349,114,114,226,229,165,165,202,216,220,220,249,251
,Sierra Calderona,Valencia,ESP,,,,,,,,,CAL44,262,262,0,0,347,349,114,114,226,226,163,163,216,216,220,220,249,249
,Sierra Calderona,Valencia,ESP,,,,,,,,,CAL45,258,270,0,0,357,357,116,116,226,229,163,165,202,216,220,220,243,253
,Sierra Calderona,Valencia,ESP,,,,,,,,,CAL46,262,262,0,0,357,357,114,114,226,229,165,165,216,216,220,220,251,251
,Sierra Calderona,Valencia,ESP,,,,,,,,,CAL47,266,266,0,0,347,349,114,120,226,229,165,167,208,216,220,220,249,257
,Sierra Calderona,Valencia,ESP,,,,,,,,,CAL48,262,264,0,0,349,357,114,114,226,226,163,163,216,220,220,220,249,253
,Sierra Calderona,Valencia,ESP,,,,,,,,,CAL49,262,264,0,0,0,0,114,120,226,226,163,165,216,216,220,220,251,251
,Sierra Calderona,Valencia,ESP,,,,,,,,,CAL50,262,262,0,0,349,357,116,116,226,229,165,165,216,216,220,229,251,253
,Sierra Calderona,Valencia,ESP,,,,,,,,,CAL51,262,262,0,0,349,349,114,120,223,226,161,165,216,216,220,220,239,253
,Sierra Calderona,Valencia,ESP,,,,,,,,,CAL52,262,270,0,0,349,357,120,122,226,229,165,165,216,216,220,220,241,249
,Sierra Calderona,Valencia,ESP,,,,,,,,,CAL53,262,270,0,0,349,349,114,122,226,226,161,165,216,216,220,220,249,251
,Sierra Calderona,Valencia,ESP,,,,,,,,,CAL54,262,264,0,0,357,357,116,120,223,232,165,165,208,216,220,220,249,251
,Sierra Calderona,Valencia,ESP,,,,,,,,,CAL55,258,270,0,0,349,349,114,122,223,229,165,165,216,216,220,220,251,253
,Sierra Calderona,Valencia,ESP,,,,,,,,,CAL56,258,264,0,0,349,357,114,116,223,229,165,165,208,216,211,220,241,251
,Sierra Calderona,Valencia,ESP,,,,,,,,,CAL57,260,266,0,0,357,357,116,122,226,226,161,165,216,216,220,220,251,251
,Sierra Calderona,Valencia,ESP,,,,,,,,,CAL58,262,262,0,0,0,0,116,120,226,229,0,0,216,216,0,0,239,251
,Sierra Calderona,Valencia,ESP,,,,,,,,,CAL59,262,264,0,0,349,349,108,108,226,226,161,167,216,216,220,220,249,249
,Sierra Calderona,Valencia,ESP,,,,,,,,,CAL60,264,264,0,0,357,357,116,116,226,226,163,165,216,216,220,220,251,253
,Sierra Calderona,Valencia,ESP,,,,,,,,,CAL61,262,262,0,0,357,357,114,116,226,232,163,165,216,216,220,220,249,249
,Sierra Calderona,Valencia,ESP,,,,,,,,,CAL62,0,0,0,0,349,357,108,114,226,226,165,165,216,216,217,220,0,0
,Sierra Calderona,Valencia,ESP,,,,,,,,,CAL63,264,266,0,0,349,349,114,116,226,232,163,163,202,216,220,220,241,241
,Sierra Calderona,Valencia,ESP,,,,,,,,,CAL64,262,262,0,0,349,349,114,116,226,226,165,165,202,216,220,220,249,249
,Sierra Calderona,Valencia,ESP,,,,,,,,,CAL65,262,264,0,0,357,357,114,114,226,232,161,165,216,216,220,220,249,253
,Sierra Calderona,Valencia,ESP,,,,,,,,,CAL66,262,266,0,0,349,357,114,114,226,232,165,165,210,216,220,220,249,251
,Sierra Calderona,Valencia,ESP,,,,,,,,,CAL67,258,262,0,0,349,357,116,120,229,229,165,165,216,216,220,220,247,249
,Quatretonda,Valencia,ESP,728821,4317021,435,Valencia,ESP,728821,4317021,435,QUA5,262,262,0,0,349,357,118,120,226,229,165,165,216,216,220,229,239,241
,Quatretonda,Valencia,ESP,728821,4317021,435,,,,,,QUA17,262,270,0,0,347,347,118,118,226,226,165,177,202,216,220,220,239,249
,Quatretonda,Valencia,ESP,728821,4317021,435,,,,,,QUA33,262,262,0,0,349,357,118,118,226,226,161,165,216,216,229,229,251,255
,Quatretonda,Valencia,ESP,728821,4317021,435,,,,,,QUA34,262,262,0,0,347,349,114,114,223,226,165,165,216,216,217,220,239,241
,Quatretonda,Valencia,ESP,728821,4317021,435,,,,,,QUA53,262,262,0,0,349,349,114,118,229,229,0,0,0,0,0,0,0,0
,Quatretonda,Valencia,ESP,728821,4317021,435,,,,,,QUA56,258,270,0,0,349,349,116,116,226,226,163,165,208,216,220,220,239,241
,Quatretonda,Valencia,ESP,728821,4317021,435,,,,,,QUA58,0,0,0,0,349,357,114,118,226,229,163,165,216,216,217,229,239,253
,Quatretonda,Valencia,ESP,728821,4317021,435,,,,,,QUA61,258,262,0,0,349,349,114,116,226,229,163,165,216,216,217,220,239,249
,Quatretonda,Valencia,ESP,728821,4317021,435,,,,,,QUA62,258,258,0,0,349,349,114,116,223,226,165,165,216,216,217,220,239,251
,Quatretonda,Valencia,ESP,728821,4317021,435,,,,,,QUA63,266,266,0,0,349,357,114,116,226,232,169,177,216,216,0,0,239,241
,Quatretonda,Valencia,ESP,728821,4317021,435,,,,,,QUA65,266,266,0,0,347,349,116,118,223,229,0,0,216,216,220,229,239,249
,Quatretonda,Valencia,ESP,728821,4317021,435,,,,,,QUA76,262,262,0,0,0,0,116,118,226,226,165,177,202,216,220,220,0,0
,Quatretonda,Valencia,ESP,728821,4317021,435,,,,,,QUA82,262,262,174,182,349,357,116,118,226,232,165,165,210,210,217,220,239,255
,Quatretonda,Valencia,ESP,728821,4317021,435,,,,,,QUA83,262,266,184,188,347,349,114,118,223,226,161,161,216,216,220,220,239,249
,Quatretonda,Valencia,ESP,728821,4317021,435,,,,,,QUA84,262,262,182,188,349,357,114,118,223,226,163,165,216,216,220,220,239,239
,Quatretonda,Valencia,ESP,728821,4317021,435,,,,,,QUA85,266,266,176,178,347,349,114,120,226,226,163,165,216,216,220,220,249,251
,Quatretonda,Valencia,ESP,728821,4317021,435,,,,,,QUA86,258,262,184,188,349,357,114,120,226,226,165,165,216,216,220,220,239,251
,Quatretonda,Valencia,ESP,728821,4317021,435,,,,,,QUA87,258,262,174,180,0,0,118,120,226,229,165,165,216,216,0,0,0,0
,Quatretonda,Valencia,ESP,728821,4317021,435,,,,,,QUA88,262,266,174,174,345,349,114,118,223,223,161,161,216,216,220,229,239,251
,Quatretonda,Valencia,ESP,728821,4317021,435,,,,,,QUA95,270,270,174,174,0,0,114,116,226,232,163,169,216,216,217,220,239,253
,Cazorla ,Jaén,ESP,506525,4196975,1100,,,,,,CAZ1,262,262,166,174,349,349,116,116,232,232,163,165,216,216,220,229,241,253
,Cazorla ,Jaén,ESP,506525,4196975,1100,,,,,,CAZ2,0,0,172,178,349,357,116,116,226,226,165,165,216,216,220,220,0,0
,Cazorla ,Jaén,ESP,506525,4196975,1100,,,,,,CAZ3,264,266,182,182,345,349,114,116,226,229,161,165,202,208,220,220,241,249
,Cazorla ,Jaén,ESP,506525,4196975,1100,,,,,,CAZ4,262,264,180,182,347,349,114,114,232,232,163,165,216,216,217,220,247,249
,Cazorla ,Jaén,ESP,506525,4196975,1100,,,,,,CAZ5,258,258,182,182,345,349,116,116,223,232,161,165,202,216,220,220,249,251
,Cazorla ,Jaén,ESP,506525,4196975,1100,,,,,,CAZ6,270,270,174,182,349,349,116,120,229,232,163,165,216,216,220,220,249,253
,Cazorla ,Jaén,ESP,506525,4196975,1100,,,,,,CAZ7,0,0,0,0,349,349,116,120,0,0,163,165,216,216,220,220,249,253
,Cazorla ,Jaén,ESP,506525,4196975,1100,,,,,,CAZ8,0,0,0,0,345,349,116,116,223,226,161,165,216,216,220,220,247,257
,Cazorla ,Jaén,ESP,506525,4196975,1100,,,,,,CAZ9,262,272,182,188,347,357,114,114,226,229,163,165,202,208,217,220,0,0
,Cazorla ,Jaén,ESP,506525,4196975,1100,,,,,,CAZ10,0,0,176,188,357,357,114,116,226,232,161,163,216,216,220,229,239,251
,Cazorla ,Jaén,ESP,506525,4196975,1100,,,,,,CAZ11,264,264,166,174,347,349,116,120,223,229,163,163,202,202,220,220,249,251
,Cazorla ,Jaén,ESP,506525,4196975,1100,,,,,,CAZ12,264,264,174,174,347,349,114,118,223,226,163,165,208,208,220,220,239,255
,Cazorla ,Jaén,ESP,506525,4196975,1100,,,,,,CAZ13,262,262,180,182,0,0,114,114,229,232,161,165,216,216,220,220,251,253
,Cazorla ,Jaén,ESP,506525,4196975,1100,,,,,,CAZ14,0,0,0,0,0,0,114,114,223,229,161,163,210,210,217,220,0,0
,Cazorla ,Jaén,ESP,506525,4196975,1100,Almería,ESP,557332,4154065,1223,CAZ15,262,264,166,174,349,357,108,114,0,0,161,165,216,216,220,220,253,255
,Oria,Almería,ESP,557332,4154065,1223,,,,,,ORI1,262,262,0,0,357,357,114,114,223,223,163,163,208,216,217,229,0,0
,Oria,Almería,ESP,557332,4154065,1223,,,,,,ORI2,262,262,0,0,347,349,114,116,223,223,163,165,208,214,220,220,241,249
,Oria,Almería,ESP,557332,4154065,1223,,,,,,ORI3,262,262,0,0,357,357,114,116,223,223,163,163,202,216,217,229,241,251
,Oria,Almería,ESP,557332,4154065,1223,,,,,,ORI4,0,0,0,0,0,0,0,0,0,0,0,0,0,0,0,0,0,0
,Oria,Almería,ESP,557332,4154065,1223,,,,,,ORI5,262,262,0,0,357,357,114,120,223,226,163,165,216,216,220,229,239,241
,Oria,Almería,ESP,557332,4154065,1223,,,,,,ORI6,262,262,0,0,357,357,114,120,223,226,163,165,216,216,220,229,239,241
,Oria,Almería,ESP,557332,4154065,1223,,,,,,ORI7,262,266,0,0,357,357,114,120,223,226,165,165,202,216,220,229,249,259
,Oria,Almería,ESP,557332,4154065,1223,,,,,,ORI9,262,264,0,0,357,357,114,116,223,223,163,165,216,216,217,220,241,241
,Oria,Almería,ESP,557332,4154065,1223,,,,,,ORI10,262,266,0,0,357,357,114,120,226,229,163,165,208,216,220,229,241,259
,Oria,Almería,ESP,557332,4154065,1223,,,,,,ORI11,262,262,0,0,359,357,114,116,223,226,163,163,208,214,217,217,239,241
,Oria,Almería,ESP,557332,4154065,1223,,,,,,ORI12,0,0,0,0,349,349,114,116,226,229,163,165,202,216,217,220,241,241
,Oria,Almería,ESP,557332,4154065,1223,,,,,,ORI13,258,262,0,0,347,349,114,120,223,229,163,177,216,220,220,229,239,251
,Oria,Almería,ESP,557332,4154065,1223,,,,,,ORI14,262,262,0,0,347,357,114,114,226,229,165,165,216,216,220,220,249,251
,Oria,Almería,ESP,557332,4154065,1223,,,,,,ORI15,266,266,0,0,357,357,116,120,226,226,161,165,208,208,217,220,249,251
,Oria,Almería,ESP,557332,4154065,1223,,,,,,ORI16,262,264,0,0,349,349,114,114,223,226,163,165,216,216,229,229,249,251
,Oria,Almería,ESP,557332,4154065,1223,,,,,,ORI17,262,262,0,0,357,357,114,116,223,223,161,163,202,202,0,0,241,247
,Oria,Almería,ESP,557332,4154065,1223,,,,,,ORI18,262,262,0,0,347,349,114,114,223,226,161,163,208,216,217,229,249,251
,Oria,Almería,ESP,557332,4154065,1223,,,,,,ORI19,262,262,0,0,347,347,114,114,223,226,161,163,216,216,220,220,247,253
,Oria,Almería,ESP,557332,4154065,1223,,,,,,ORI20,262,262,0,0,357,357,114,120,223,226,165,165,202,208,220,229,239,253
,Oria,Almería,ESP,557332,4154065,1223,,,,,,ORI21,258,262,0,0,0,0,114,124,223,232,165,165,202,208,220,220,239,251
,Oria,Almería,ESP,557332,4154065,1223,,,,,,ORI22,264,266,0,0,347,357,114,116,223,223,163,165,216,216,220,220,253,259
,Oria,Almería,ESP,557332,4154065,1223,,,,,,ORI23,262,266,0,0,347,349,114,116,226,229,163,165,216,216,220,229,251,251
,Oria,Almería,ESP,557332,4154065,1223,,,,,,ORI24,262,262,0,0,345,357,114,114,0,0,165,165,202,216,217,229,241,259
,Oria,Almería,ESP,557332,4154065,1223,,,,,,ORI25,262,270,0,0,349,349,114,114,223,232,161,163,208,208,217,220,241,251
,Oria,Almería,ESP,557332,4154065,1223,Middle Atlas,MOR,312873.56,3719686.423,1758,ORI26,262,266,0,0,357,357,114,114,226,232,165,165,216,216,220,229,241,251
,Oria,Almería,ESP,557332,4154065,1223,,,,,,ORI27,262,262,0,0,349,357,116,116,223,223,163,163,208,216,220,229,239,259
,Oria,Almería,ESP,557332,4154065,1223,,,,,,ORI28,262,262,0,0,349,357,114,116,223,232,163,177,202,208,220,220,241,253
,Oria,Almería,ESP,557332,4154065,1223,,,,,,ORI29,262,262,0,0,349,357,116,116,223,223,163,165,208,216,229,229,249,249
,Oria,Almería,ESP,557332,4154065,1223,,,,,,ORI30,262,264,0,0,347,357,116,120,223,232,163,177,208,220,217,229,239,251
,Tamrabta,Middle Atlas,MOR,312873.56,3719686.423,1758,,,,,,TAM1,272,272,180,200,357,357,114,120,226,232,161,165,216,216,217,217,241,249
,Tamrabta,Middle Atlas,MOR,312873.56,3719686.423,1758,,,,,,TAM2,0,0,172,200,357,357,108,108,223,226,163,165,216,216,220,220,241,249
,Tamrabta,Middle Atlas,MOR,312873.56,3719686.423,1758,,,,,,TAM4,264,272,180,200,357,357,114,114,223,223,161,163,0,0,217,220,241,241
,Tamrabta,Middle Atlas,MOR,312873.56,3719686.423,1758,,,,,,TAM5,270,272,180,182,357,357,114,120,223,223,163,163,208,216,220,220,249,249
,Tamrabta,Middle Atlas,MOR,312873.56,3719686.423,1758,,,,,,TAM6,0,0,180,180,347,357,120,122,223,226,161,161,214,216,220,229,249,249
,Tamrabta,Middle Atlas,MOR,312873.56,3719686.423,1758,,,,,,TAM7,262,270,172,180,349,357,108,122,226,226,163,163,216,216,220,229,239,241
,Tamrabta,Middle Atlas,MOR,312873.56,3719686.423,1758,,,,,,TAM8,262,272,182,202,357,357,108,122,226,226,163,163,216,216,229,229,241,249
,Tamrabta,Middle Atlas,MOR,312873.56,3719686.423,1758,,,,,,TAM9,272,272,174,180,0,0,108,120,226,226,161,163,214,216,217,217,241,241
,Tamrabta,Middle Atlas,MOR,312873.56,3719686.423,1758,,,,,,TAM11,262,272,0,0,0,0,108,108,223,226,163,163,208,216,217,217,0,0
,Tamrabta,Middle Atlas,MOR,312873.56,3719686.423,1758,,,,,,TAM13,270,272,180,186,349,357,108,108,223,226,163,163,216,216,217,220,241,249
,Tamrabta,Middle Atlas,MOR,312873.56,3719686.423,1758,,,,,,TAM14,0,0,180,182,357,357,114,122,223,226,163,163,208,216,217,217,239,241
,Tamrabta,Middle Atlas,MOR,312873.56,3719686.423,1758,,,,,,TAM15,272,272,180,180,357,357,108,114,223,223,163,165,208,216,229,229,241,241
,Tamrabta,Middle Atlas,MOR,312873.56,3719686.423,1758,,,,,,TAM16,262,272,180,180,349,357,108,108,223,223,161,163,216,216,217,217,241,241
,Tamrabta,Middle Atlas,MOR,312873.56,3719686.423,1758,,,,,,TAM17,272,272,174,180,349,357,120,122,226,229,161,163,208,208,217,217,241,249
,Tamrabta,Middle Atlas,MOR,312873.56,3719686.423,1758,,,,,,TAM18,262,272,180,200,349,357,108,114,223,223,161,163,214,216,217,220,241,241
,Tamrabta,Middle Atlas,MOR,312873.56,3719686.423,1758,,,,,,TAM19,262,272,172,172,357,357,108,108,223,223,163,163,208,208,217,217,249,249
,Tamrabta,Middle Atlas,MOR,312873.56,3719686.423,1758,,,,,,TAM20,272,272,170,202,357,357,108,120,223,226,163,163,208,216,217,229,241,249
,Tamrabta,Middle Atlas,MOR,312873.56,3719686.423,1758,,,,,,TAM21,270,272,180,180,357,357,114,120,223,223,163,163,208,216,217,217,239,241
,Tamrabta,Middle Atlas,MOR,312873.56,3719686.423,1758,,TU,1543966,4154946,121,TAM22,262,272,180,180,357,357,120,122,223,229,163,163,208,216,220,220,0,0
,Tamrabta,Middle Atlas,MOR,312873.56,3719686.423,1758,,,,,,TAM23,272,272,180,202,357,357,108,120,223,229,163,163,216,216,217,217,241,249
,Tamrabta,Middle Atlas,MOR,312873.56,3719686.423,1758,,,,,,TAM24,0,0,180,188,349,357,114,120,226,229,163,163,212,214,217,217,0,0
,Tamrabta,Middle Atlas,MOR,312873.56,3719686.423,1758,,,,,,TAM25,270,272,180,180,357,357,108,114,223,226,163,163,208,208,220,220,241,241
,Tamrabta,Middle Atlas,MOR,312873.56,3719686.423,1758,,,,,,TAM26,268,272,172,200,349,357,108,108,223,226,163,163,208,216,217,229,241,249
,Tamrabta,Middle Atlas,MOR,312873.56,3719686.423,1758,,,,,,TAM27,270,270,170,200,357,357,108,108,223,226,163,165,208,216,220,220,0,0
,Tabarka,,TU,1543966,4154946,121,,,,,,TBK1,262,262,174,178,349,357,114,122,226,226,165,165,216,216,220,220,249,253
,Tabarka,,TU,1543966,4154946,121,,,,,,TBK2,262,266,166,180,349,357,116,116,229,232,165,165,216,216,220,220,239,253
,Tabarka,,TU,1543966,4154946,121,,,,,,TBK3,258,270,174,186,349,349,114,114,226,229,165,165,216,216,220,229,249,251
,Tabarka,,TU,1543966,4154946,121,,,,,,TBK4,260,270,166,166,349,349,114,116,223,226,165,165,216,216,220,220,251,253
,Tabarka,,TU,1543966,4154946,121,,,,,,TBK5,264,266,176,186,349,357,114,116,226,229,165,165,216,216,220,229,251,259
,Tabarka,,TU,1543966,4154946,121,,,,,,TBK6,258,264,166,186,349,349,114,114,226,229,161,163,216,216,220,229,239,251
,Tabarka,,TU,1543966,4154946,121,,,,,,TBK7,0,0,174,184,349,349,114,116,229,232,163,165,0,0,220,229,239,251
,Tabarka,,TU,1543966,4154946,121,,,,,,TBK8,262,264,174,186,349,349,114,114,229,232,163,165,216,216,220,220,251,253
,Tabarka,,TU,1543966,4154946,121,,,,,,TBK9,262,262,166,184,349,357,114,116,226,232,165,165,216,216,0,0,251,251
,Tabarka,,TU,1543966,4154946,121,,,,,,TBK10,262,264,166,172,349,349,114,116,226,229,161,165,216,216,220,220,251,251
,Tabarka,,TU,1543966,4154946,121,,,,,,TBK11,0,0,0,0,0,0,114,116,0,0,163,177,216,216,220,220,251,253
,Tabarka,,TU,1543966,4154946,121,,,,,,TBK12,264,266,166,184,349,357,116,122,226,226,165,165,216,216,220,220,251,253
,Tabarka,,TU,1543966,4154946,121,,,,,,TBK13,258,266,180,182,349,349,114,116,226,226,165,165,0,0,220,229,249,249
,Tabarka,,TU,1543966,4154946,121,,,,,,TBK14,262,262,180,186,349,357,114,114,226,232,163,177,216,220,220,220,251,251
,Tabarka,,TU,1543966,4154946,121,,,,,,TBK15,262,262,182,182,349,357,116,116,226,226,163,165,216,216,217,220,249,251
,Tabarka,,TU,1543966,4154946,121,,,,,,TBK16,262,262,166,178,349,349,114,116,226,229,163,165,0,0,220,220,251,251
,Tabarka,,TU,1543966,4154946,121,,,,,,TBK17,262,266,0,0,349,357,116,120,226,229,161,177,0,0,220,220,249,251
,Tabarka,,TU,1543966,4154946,121,,,,,,TBK18,262,262,166,174,349,349,116,122,229,232,163,165,216,216,220,220,251,251
,Tabarka,,TU,1543966,4154946,121,,,,,,TBK19,270,270,174,174,349,349,114,114,226,226,165,165,216,216,220,220,251,251
,Tabarka,,TU,1543966,4154946,121,,,,,,TBK20,0,0,0,0,349,349,114,116,226,232,163,177,216,216,220,220,249,259
,Tabarka,,TU,1543966,4154946,121,,,,,,TBK21,262,266,182,188,349,357,114,122,226,229,161,163,216,216,220,220,249,251
,Tabarka,,TU,1543966,4154946,121,,,,,,TBK22,262,264,178,180,349,349,114,116,226,229,161,163,216,216,0,0,239,251
,Tabarka,,TU,1543966,4154946,121,,,,,,TBK23,262,262,166,174,357,357,114,122,229,229,163,165,216,216,229,229,249,249
